mol_id,description,ligand_id,target,value,selectivity,source,smiles,count_PGK2
0,quinazoline (cpd21),L1,PGK1,,0,PDB,CN(CCCc1[nH]nc(N)c1C#N)c1nc(-c2cccnc2)nc2ccccc12,
1,quinazoline (cpd47),L2,PGK1,,0,PDB,CNC(=O)C[C@H](Nc1nc(-c2cncc(OC)c2)nc2cc(OC)c(OC)cc12)c1ccc(C#N)cc1,
2,quinazoline (cpd45),L3,PGK1,,0,PDB,CNC(=O)C[C@@H](Nc1nc(-c2ccc(OC)c(S(=O)(=O)N3CCOCC3)c2)nc2cc(OC)c(OC)cc12)c1ccc(C#N)cc1,
3,non-quinazoline,L4,PGK2,60.0,1,PDB,NC(=O)c1sc2nc(-c3cccnc3)ccc2c1N,
4,non-quinazoline,L5,PGK1,3.0,0,PDB,CC1(C)Cc2c(c(N3CCCC3)nc3sc(C(=O)NN)c(N)c23)CO1,
5,non-quinazoline,L6,PGK2,50.0,1,PDB,COc1ccc(Nc2ncnc3sc(C)cc23)c(OC)c1,
6,non-quinazoline,L7,PGK1,5.0,0,PDB,COc1ccc(/C=N/n2cnc3ccccc32)cc1,
7,non-quinazoline,L8,PGK1,3.33,0,PDB,c1cncc(-c2nc(NCc3ccc4[nH]ccc4c3)n[nH]2)c1,
8,non-quinazoline,L9,PGK2,12.6,1,PDB,Cn1ccc2cc(C(=O)Nc3ccc(-n4cc(Br)cn4)nc3)ccc21,
9,non-quinazoline,L10,PGK2,60.0,1,PDB,Clc1cn[nH]c1-c1nn2c(-c3ccsc3)nnc2s1,
10,non-quinazoline,L11,PGK1,4.0,0,PDB,CC(C)c1cc(-c2nn3c(-c4cnccn4)nnc3s2)[nH]n1,
11,non-quinazoline,L12,PGK2,60.0,1,PDB,CC(C)[C@H]1CC[C@H](C(=O)N[C@@H](Cc2ccccc2)C(=O)Nc2ncc[nH]2)CC1,
12,non-quinazoline,L13,PGK1,0.0,0,PDB,CC(C)[C@H]1CC[C@H](C(=O)N[C@@H](Cc2ccccc2)C(=O)Nc2nnc[nH]2)CC1,
13,quinazoline,L14,PGK1,0.0,0,PDB,Cc1nc2cc(-c3ccc(Br)cc3)nn2c(C)c1CCC(=O)[O-],
14,quinazoline,L15,PGK1,0.0,0,PDB,COc1cc2nc(N3CCN(C(=O)C4CCCO4)CC3)nc(N)c2cc1OC,
1403,,,,,0,DECOY,Cc1cc([N+](=O)[O-])cc2c1N(C)C(=O)/C2=C1\SC(=S)NC1=O,
1404,,,,,0,DECOY,Cc1ccc(Cl)cc1-n1c(C)cn2c3c(=O)[nH]c(=O)n(C)c3nc12,
1405,,,,,0,DECOY,Cc1nnc(SCC2=NN=C(O)c3ccccc3O2)n1C,
1406,,,,,0,DECOY,Cc1cc(O)ccc1N1C(=O)c2cccc([N+](=O)[O-])c2C1=O,
1407,,,,,0,DECOY,Cn1cnnc1SCC1=NN=C(O)c2ccccc2O1,
1408,,,,,0,DECOY,Cc1nc2c(c(=O)[nH]1)CN(C(=O)c1cc(C(C)(C)C)nn1C)CC2,
1409,,,,,0,DECOY,Cn1nnnc1SCc1nc2ccc(Cl)cc2c(=O)[nH]1,
1410,,,,,0,DECOY,O=C([O-])C1=[NH+]c2nnnn2[C@H](c2ccc(Cl)cc2)C1,
1411,,,,,0,DECOY,CN1CCCc2c(n(CCO)c3ccc([N+](=O)[O-])cc23)C1=O,
1412,,,,,0,DECOY,N#C[C@]12C3=NC(=[N-])[C@@]1(C#N)[C@H]1CCCC[C@]1(O3)O[C@@H]2c1cc[nH+]cc1,
1413,,,,,0,DECOY,C1=C(c2ccc3c(c2)OCO3)Nc2nnnn2[C@H]1c1cccs1,
1414,,,,,0,DECOY,Cc1cccc([N+](=O)[O-])c1S(=O)(=O)N1CCC[C@H](O)C1,
1415,,,,,0,DECOY,CCN1C(=O)S/C(=C\c2ccc(O)c([N+](=O)[O-])c2)C1=O,
1416,,,,,0,DECOY,CC(C)(C)[NH+]1OC[C@@H]2CO[C@]([O-])(c3ccc([N+](=O)[O-])cc3)[C@@H]21,
1417,,,,,0,DECOY,C[C@@H]1CCCN(S(=O)(=O)c2ccc(O)c([N+](=O)[O-])c2)C1,
1418,,,,,0,DECOY,CCc1nc2n(n1)[C@@H](O)c1cc([N+](=O)[O-])ccc1S2,
1419,,,,,0,DECOY,Cc1cc(C)cc(N2CCCn3c2nc2c3c(=O)[nH]c(=O)n2C)c1,
1420,,,,,0,DECOY,O=C(Nc1onc2c1CSC2)c1cc(-c2ccco2)on1,
1421,,,,,0,DECOY,O=c1n(Cc2nc3ccccc3[nH]2)nnn1-c1cccs1,
1422,,,,,0,DECOY,O=C(Nc1nncs1)c1cc(F)c(F)cc1[N+](=O)[O-],
1423,,,,,0,DECOY,c1ccc2c(c1)N[C@@H](c1ccc3c(c1)OCO3)n1nnnc1-2,
1424,,,,,0,DECOY,C[C@H]1CN(c2cc3c(cc2[N+](=O)[O-])OCCO3)C[C@H](C)N1,
1425,,,,,0,DECOY,O=C[C@@H]1CCCN(c2cc3c(cc2[N+](=O)[O-])CC(=O)N3)C1,
1426,,,,,0,DECOY,O=C1NC(=S)N(C(=O)[C@@H]2CCCO2)/C1=C/c1ccc2c(c1)OCO2,
1427,,,,,0,DECOY,O=C1CN(c2nc(Cl)nc(N3CCCC3)n2)CCN1,
1428,,,,,0,DECOY,C[C@H]1CCC[C@@H](Nc2nc(Cl)nc(-n3cncn3)n2)C1,
1429,,,,,0,DECOY,Cc1c(Cl)cc(S(=O)(=O)N2CC(O)C2)cc1[N+](=O)[O-],
1430,,,,,0,DECOY,O=C1N=N[C@H](N2CCN(c3cccc(Cl)c3)CC2)C(=O)N1,
1431,,,,,0,DECOY,Cc1cc(N2CC=C(c3c[nH]c4ncccc34)CC2)n2ncnc2n1,
1432,,,,,0,DECOY,Cc1nc(N2CC[C@@H](c3ccc4c(c3)OCO4)[C@H](O)C2)no1,
1433,,,,,0,DECOY,Cc1ccc(S(=O)(=O)N2[C@@H](C)CNC[C@@H]2C)cc1[N+](=O)[O-],
1434,,,,,0,DECOY,Cc1cc[nH]/c(=N\S(=O)(=O)c2ccc([N+](=O)[O-])cc2F)c1,
1435,,,,,0,DECOY,CC[C@@H]1CCCC[NH+]1Cc1nc2c([O-])n(C)c(=O)n(C)c-2n1,
1436,,,,,0,DECOY,Cc1cc(C)nc(-n2[nH]c3cc(=O)n(C4CC4)c(C)c3c2=O)n1,
1437,,,,,0,DECOY,Cc1c2c(=O)n(-c3ncccn3)[nH]c2cc(=O)n1-c1ccc(F)cc1,
1438,,,,,0,DECOY,Cc1nc2c(c(N3CCNC(=O)C3)n1)CCN(c1nccs1)CC2,
1439,,,,,0,DECOY,C[C@H]1CN(C(=O)c2ccc([N+](=O)[O-])c(O)c2)[C@@H](C)CO1,
1440,,,,,0,DECOY,C#CCN1CCN(C(=O)Nc2ccc([N+](=O)[O-])cc2)CC1,
1441,,,,,0,DECOY,Cc1ccc(-c2noc(-c3c(C)cc(C)[nH]c3=O)n2)nn1,
1442,,,,,0,DECOY,Cc1cn(Cc2ccc(Cl)cc2[N+](=O)[O-])c(=O)[nH]c1=O,
1443,,,,,0,DECOY,C[C@H]1CC(Nc2nc(Cl)nc(-n3cncn3)n2)C[C@H](C)C1,
1444,,,,,0,DECOY,Cc1cccc([N+](=O)[O-])c1S(=O)(=O)N1C[C@H](C)NC[C@@H]1C,
1445,,,,,0,DECOY,Cn1ccc(-c2noc([C@H]3CNc4ccccc4O3)n2)n1,
1446,,,,,0,DECOY,O=[N+]([O-])c1ccc2ncnc(N3CC(O)(C4CC4)C3)c2c1,
1447,,,,,0,DECOY,N#Cc1cc([N+](=O)[O-])ccc1N1CCN(C2CNC2)CC1,
1448,,,,,0,DECOY,CCc1nn(C)c(N2[C@H]3CC[C@@H]2CC(O)C3)c1[N+](=O)[O-],
1449,,,,,0,DECOY,CC(C)c1nn(C)c(N2C[C@@H](C)NC[C@@H]2C)c1[N+](=O)[O-],
1450,,,,,0,DECOY,Cn1c(=O)[nH]c(=O)c2ccc(C(=O)N3CC(C)(C)C3(C)C)nc21,
1451,,,,,0,DECOY,O=C(CN1C(=O)CCNC1=O)N1CCOc2ccc(Cl)cc2C1,
1452,,,,,0,DECOY,Cc1ccc([C@@H]2OCCC[C@H]2Nc2ccc3nnnn3n2)cc1,
1453,,,,,0,DECOY,COc1ccc([N+](=O)[O-])c2c1N[C@H](c1cccnc1)[C@@H]1CC=C[C@H]21,
1454,,,,,0,DECOY,Cc1cc(C)c2c(n1)nn1c(NC[C@H]3CCCO3)cc(C)nc21,
1455,,,,,0,DECOY,O=C1CCN2CC[C@H](n3nnc4ccccc43)c3cccc(c32)N1,
1456,,,,,0,DECOY,C[C@@H](Sc1nnc2ccccn12)c1nc2ccccc2c(=O)[nH]1,
1457,,,,,0,DECOY,O=C1N[C@]2(CCCN(C(=O)c3ccco3)C2)Oc2ccccc21,
1458,,,,,0,DECOY,Cc1ccc(-n2nc3c(C)n[nH]c(=O)c3c2-n2cccc2)cc1,
1459,,,,,0,DECOY,Cn1cnc(S(=O)(=O)/[NH+]=c2\cccc3[n-]cccc2-3)c1Cl,
1460,,,,,0,DECOY,O=[N+]([O-])c1ccc(N[C@H]2CS(=O)(=O)c3ccccc32)cc1,
1461,,,,,0,DECOY,O=C(c1ccc([N+](=O)[O-])c(O)c1)N1CCC[C@H](C(F)(F)F)C1,
1462,,,,,0,DECOY,COC(=O)N/N=C/c1cc2c(cc1Br)OCO2,
1463,,,,,0,DECOY,O=C1CS[C@@H](c2ccccc2[N+](=O)[O-])N1c1ccc(O)cc1,
1464,,,,,0,DECOY,CN(C)c1nc(Nc2ccc(Cl)cc2)c(C#N)c(=O)o1,
1465,,,,,0,DECOY,CN[C@]1(c2nnnn2-c2c(C)cccc2C)CCOC(C)(C)C1,
1466,,,,,0,DECOY,CC(C)(C)C1=C[C@@H]([C@@H]2Nn3c(nnc3C3CC3)S2)N=N1,
1467,,,,,0,DECOY,O=C(CN1CCc2ccccc2C1)/[NH+]=C1\C=CC2=NC([O-])=NC2=C1,
1468,,,,,0,DECOY,c1csc(CN2CCCN(c3ncnc4[nH]cnc34)CC2)c1,
1469,,,,,0,DECOY,CCn1ncc2[nH]c(-c3cc(F)ccc3-n3cccn3)nc21,
1470,,,,,0,DECOY,O=[N+]([O-])c1cccnc1N1CCc2[nH]c3ccccc3c2C1,
1471,,,,,0,DECOY,[H]/N=C1/O[C@@]23CCCC[C@@H]2C(C#N)(C#N)[C@]1(C#N)[C@H](/C(C)=C/CC)O3,
1472,,,,,0,DECOY,Cc1csc(NC(=O)c2ccc([N+](=O)[O-])cc2Cl)n1,
1473,,,,,0,DECOY,c1ccc(-n2nnnc2-c2cn[nH]c2-c2cccs2)cc1,
1474,,,,,0,DECOY,N#CC1(NS(=O)(=O)c2ccc3c(c2)OCO3)CCCCC1,
1475,,,,,0,DECOY,CN(C(=O)c1cccc(-n2nc(O)ccc2=O)c1)c1ccccc1,
1476,,,,,0,DECOY,N#Cc1cc([N+](=O)[O-])cnc1N[C@@H]1CCCc2sccc21,
1477,,,,,0,DECOY,OCC1CCN(c2nc(Cl)nc(N3CCCC3)n2)CC1,
1478,,,,,0,DECOY,CC1CCC(Nc2nc(Cl)nc(-n3cccn3)n2)CC1,
1479,,,,,0,DECOY,Clc1nc(N[C@@H]2CN3CCC2CC3)nc(N2CCCC2)n1,
1480,,,,,0,DECOY,CC1=C[C@@H]([C@@H]2Nn3c(nnc3-c3sccc3C)S2)N=N1,
1481,,,,,0,DECOY,CC(=O)c1ccc(N2CCNc3ccccc3C2)c([N+](=O)[O-])c1,
1482,,,,,0,DECOY,Cc1ccc2nc3c(n2c1)[C@@H](c1coc(C(C)C)n1)CC(=O)NC3,
1483,,,,,0,DECOY,N#Cc1c(-c2ccco2)cc(-c2ccc3c(c2)OCO3)[nH]c1=O,
1484,,,,,0,DECOY,CCn1cncc1-c1nc2c([nH]1)c(C)nn2-c1ccc(C)cc1,
1485,,,,,0,DECOY,COC(=O)N1CCC[C@@H](NC(=O)N(C)C2CCCCC2)C1,
1486,,,,,0,DECOY,C[C@H]1C[C@H](C)CCN1C(=O)NCCc1nnc2n1CCCCC2,
1487,,,,,0,DECOY,Cc1cc(C(=O)Nc2cc([N+](=O)[O-])c(F)cc2F)c(C)o1,
1488,,,,,0,DECOY,Cc1ccc([N+](=O)[O-])c(C)c1NC(=O)N1C[C@@H](C)S[C@H](C)C1,
1489,,,,,0,DECOY,C[C@H]1CN[C@H](C)CN1C(=O)/C=C/c1cccc([N+](=O)[O-])c1,
1490,,,,,0,DECOY,CCc1nc2n(n1)CCC[C@H]2NC(=O)N1C[C@@H](C)CCC[C@@H]1C,
1491,,,,,0,DECOY,CCc1nc2n(n1)CCC[C@@H]2NC(=O)N1CCC[C@@H](CC)C1,
1492,,,,,0,DECOY,O=C1CN(c2c(Cl)cc(Cl)c3nsnc23)CC(=O)N1,
1493,,,,,0,DECOY,C[NH+](C)c1ccc(-c2nc(Cl)nc(-n3cccn3)n2)cc1,
1494,,,,,0,DECOY,O=c1[nH]c(-c2cccc([N+](=O)[O-])c2)ncc1Br,
1495,,,,,0,DECOY,Cc1ccc(O[C@H]2C[C@H](O)C23CCCCC3)c([N+](=O)[O-])n1,
1496,,,,,0,DECOY,C[C@H]1COC[C@@H](C)N1Cc1cc(Cl)cc([N+](=O)[O-])c1O,
1497,,,,,0,DECOY,O=c1c(Br)c(C2CC2)[nH]n1-c1ccc([N+](=O)[O-])cc1,
1498,,,,,0,DECOY,Cc1nn(-c2ccccc2[N+](=O)[O-])c(O)c1Br,
1499,,,,,0,DECOY,Cc1nn(C)c(C)c1C(=O)/N=c1\[nH]c2cc(Cl)ccc2n1C,
1500,,,,,0,DECOY,CCc1ccc2c(c1)c(/N=N\C1=NC(=O)CS1)c(O)n2C,
1501,,,,,0,DECOY,COC(=O)N1CCC(NC(=O)N(C)[C@H]2CCCC[C@H]2C)CC1,
1502,,,,,0,DECOY,Cc1cc(OC2CN(C(=O)NC3CCCC3)C2)cc(=O)n1C,
1503,,,,,0,DECOY,CCC[C@@H](NC(=O)/C(=C\c1ccc(Cl)cc1)NC(=O)c1ccc(C)cc1)C(=O)[O-],
1504,,,,,0,DECOY,Cc1ccc(S(=O)(=O)[N-]c2cc(Sc3nc[nH]n3)c(O)c3ccccc23)cc1,
1505,,,,,0,DECOY,Cc1ccccc1OCC(=O)NC(=S)Nc1c(Cl)cc(Cl)cc1C(=O)[O-],
1506,,,,,0,DECOY,CCOc1cc(/C=C2\SC(=S)N(c3ccc(C(=O)[O-])c(O)c3)C2=O)ccc1O,
1507,,,,,0,DECOY,NS(=O)(=O)c1cccc([N-]S(=O)(=O)c2cc(C(F)(F)F)ccc2Cl)c1,
1508,,,,,0,DECOY,C[C@H]1CCc2sc(C(=O)NNS(=O)(=O)c3ccc(F)c(C(=O)[O-])c3)cc2C1,
1509,,,,,0,DECOY,O=C([O-])COc1ccccc1/C=N/NC(=S)Nc1ccc(Cl)cc1,
1510,,,,,0,DECOY,O=C([O-])COc1ccccc1/C=N/NC(=S)Nc1cccc(Cl)c1,
1511,,,,,0,DECOY,Cc1ccc(C(=O)NNS(=O)(=O)c2ccc(Cl)c(C(=O)[O-])c2)c(C)c1,
1512,,,,,0,DECOY,Cc1cc(C(C)(C)C)cc(C)c1S(=O)(=O)[N-]c1cccc(OCC(N)=O)c1,
1513,,,,,0,DECOY,Cc1cc(O)nc(SCC(=O)Nc2ccc(C(=O)[O-])c(Cl)c2)n1,
1514,,,,,0,DECOY,O=C(NC1CCCC1)c1c(NC(=O)[C@H]2CC=CC[C@@H]2C(=O)[O-])sc2c1CCCC2,
1515,,,,,0,DECOY,C/C(=N\NC(=O)COc1ccc(Cl)cc1Cl)c1ccc(O)cc1[O-],
1516,,,,,0,DECOY,CCc1nnc(SC/C([O-])=N/c2nc3ccc(Br)cc3s2)n1N,
1517,,,,,0,DECOY,Cc1c(NC(=O)c2ccco2)cccc1C(=O)Nc1cc(Cl)ccc1C(=O)[O-],
1518,,,,,0,DECOY,C=CCNC(=O)Nc1ccc([N-]S(=O)(=O)c2ccc(Cl)s2)cc1,
1519,,,,,0,DECOY,Cc1c([N-]S(=O)(=O)c2ccc(OC(F)F)c(Cl)c2)cccc1C(N)=O,
1520,,,,,0,DECOY,O=C(CCNC(=O)c1ccccc1)N/N=C\c1cc(Br)ccc1[O-],
1521,,,,,0,DECOY,Nc1ccc(S(=O)(=O)[N-]c2nccc(/C=C\c3cccc(Cl)c3)n2)cc1,
1522,,,,,0,DECOY,O=C([O-])COc1ccccc1/C=N/NC(=O)c1cc2ccccc2cc1O,
1523,,,,,0,DECOY,CCc1ccc(Cl)c(CC)c1NC(=O)NCc1cccc([N-]S(C)(=O)=O)c1,
1524,,,,,0,DECOY,Cc1cc(C)c(-c2[nH]nc3c2[C@@H](c2ccc(Cl)cc2)N(CCCO)C3=O)c([O-])c1,
1525,,,,,0,DECOY,Cc1cc(C)c(-c2[nH]nc3c2[C@@H](c2ccc(F)cc2)N(CCCO)C3=O)c([O-])c1,
1526,,,,,0,DECOY,Cc1cc(Cl)ccc1NC(=O)CCC(=O)N/N=C/c1ccccc1[O-],
1527,,,,,0,DECOY,CC(=O)Nc1ccc(Cl)c(/N=C(\[O-])C(=O)NCc2c(C)cc(C)cc2C)c1,
1528,,,,,0,DECOY,Cc1ccc(Cc2cnc(NC(=O)c3ccc(S([NH-])(=O)=O)o3)s2)cc1F,
1529,,,,,0,DECOY,N#CC(=C\c1ccc(OCC(N)=O)cc1)/C([O-])=N/c1cc(Cl)ccc1Cl,
1530,,,,,0,DECOY,CCOC(=O)c1c(N/N=C\c2cc(Cl)cc(Cl)c2[O-])n[nH]c1C,
1531,,,,,0,DECOY,COc1c(C)cccc1C(=O)NC(=S)NCc1ccc(C(=O)[O-])cc1,
1532,,,,,0,DECOY,Cc1csc(Nc2cccc([N-]S(=O)(=O)c3ccc4c(c3)CCC(=O)N4)c2)n1,
1533,,,,,0,DECOY,CCCCCN1C(=O)[C@]([O-])(O/N=C(\N)c2ccccc2Cl)c2ccccc21,
1534,,,,,0,DECOY,Cc1cc(C(=O)[O-])c(O)c(S(=O)(=O)Nc2cccc(Cl)c2N(C)C)c1,
1535,,,,,0,DECOY,N[C@@H](Cc1ccco1)[C@@H](C(=O)[O-])C(=O)OCC1c2ccccc2-c2ccccc21,
1536,,,,,0,DECOY,CC[C@H](N/C=C/C1=CCCCC1)c1c([O-])[nH]c(=O)n(-c2ccccc2C)c1=O,
1537,,,,,0,DECOY,COc1c(C(=O)[O-])cc(N)cc1C(=O)OCC1c2ccccc2-c2ccccc21,
1538,,,,,0,DECOY,Cc1ccc(/N=C(\[O-])C2=NN(c3ccc(F)cc3)[C@H](C(N)=O)C2)cc1C(F)(F)F,
1539,,,,,0,DECOY,C=CCSc1nc([O-])c2c(n1)NC(=O)C[C@@H]2c1ccc(O)c(OCC)c1,
1540,,,,,0,DECOY,Cc1cc([O-])c(-c2[nH]nc3c2[C@@H](c2ccccc2F)N(CCCO)C3=O)cc1Cl,
1541,,,,,0,DECOY,CC[C@H](N/C=C/C1=CCCCC1)c1c([O-])[nH]c(=O)n(-c2ccc(C)cc2)c1=O,
1542,,,,,0,DECOY,C[C@H](N/C=C\C1=CCCCC1)c1c([O-])[nH]c(=O)n(C2CCCCC2)c1=O,
1543,,,,,0,DECOY,CN(C)S(=O)(=O)c1cccc(/N=C(\[S-])N/N=C/c2cccc(O)c2)c1,
1544,,,,,0,DECOY,CCc1ccc(CCNC(=O)c2cc([N-]S(C)(=O)=O)ccc2O)cc1,
1545,,,,,0,DECOY,C=CCSc1nc([O-])c2c(n1)NC(=O)C[C@H]2C(=O)Nc1ccc(F)c(Cl)c1,
1546,,,,,0,DECOY,CCC(CC)[C@@H](NC(=O)c1cc(S([NH-])(=O)=O)c(C)o1)c1cccs1,
1547,,,,,0,DECOY,O=C(NCCc1cccc([N+](=O)[O-])c1)c1cc(F)cc2[nH]c([S-])nc12,
1548,,,,,0,DECOY,CC(C)(C)NS(=O)(=O)c1cccc(-c2cc(O)cc(C(=O)[O-])c2)c1,
1549,,,,,0,DECOY,CC(C)(C)NS(=O)(=O)c1ccc(-c2ccc(C(=O)[O-])cc2O)cc1,
1550,,,,,0,DECOY,O=C(NNc1ccccc1)c1cccc(S(=O)(=O)[N-]c2cccc(Cl)c2)c1,
1551,,,,,0,DECOY,Cc1ccc([N-]S(=O)(=O)c2ccc(C(N)=O)cc2)c(OCC(F)(F)F)c1,
1552,,,,,0,DECOY,CCc1ccc2nc([N-]/C(N)=N/S(=O)(=O)c3ccc(C)cc3)nc(C)c2c1,
1553,,,,,0,DECOY,CCOCCCNC(=O)[C@]1(O)c2ccccc2NC(=O)N1c1ccc(CC)cc1,
1554,,,,,0,DECOY,Cc1ccc(CNC(=O)c2nnn(-c3ccc(OC(F)(F)F)cc3)c2N)cc1,
1555,,,,,0,DECOY,CC(C)(C)NC(=O)CSc1nnc(NC(=O)Nc2ccc(F)cc2)s1,
1556,,,,,0,DECOY,CCOc1ccc(-c2n[nH]c(C(=O)N/N=C/c3cccc(O)c3)c2C)cc1,
1557,,,,,0,DECOY,CCOC(=O)c1c(C)[nH]c(C(=O)COC(=O)c2ccc(Cl)c(N)c2)c1C,
1558,,,,,0,DECOY,CC(=O)c1c(C)[nH]c(C(=O)CSc2nnc(-c3ccc(C)cc3)n2N)c1C,
1559,,,,,0,DECOY,CCOC(=O)c1c(NC(=O)COC(=O)c2ccccc2N)sc2c1CCCC2,
1560,,,,,0,DECOY,Nc1nnc(CC(=O)N/N=C/c2cccc(OCc3ccccc3Cl)c2)s1,
1561,,,,,0,DECOY,CCOc1ccccc1C(=O)NCC(=O)NCC(=O)Nc1c(C)cc(C)cc1C,
1562,,,,,0,DECOY,CCCCn1c(N)c(N(CC(C)C)C(=O)c2ccccc2Cl)c(=O)[nH]c1=O,
1563,,,,,0,DECOY,CCOc1ccc(O[C@@H](C)C(=O)NNC(=O)c2ccc3[nH]c(C)c(C)c3c2)cc1,
1564,,,,,0,DECOY,CCOc1cc(/C=C/C(=O)Nc2ccc3[nH]c(=O)[nH]c3c2)ccc1OC(F)F,
1565,,,,,0,DECOY,CCCCNC(=O)NC(=O)COC(=O)c1ccc2[nH]c3c(c2c1)CCCC3,
1566,,,,,0,DECOY,Cc1[nH]c2ccc(C(=O)OCCOc3ccc(S(N)(=O)=O)cc3)cc2c1C,
1567,,,,,0,DECOY,CCc1cc(-c2cc(NCc3ccccc3OC(C)C)nc(N)n2)n(C)n1,
1568,,,,,0,DECOY,Cc1ccc(C(=O)N(CC(C)C)c2c(N)n(CC(C)C)c(=O)[nH]c2=O)c(C)c1,
1569,,,,,0,DECOY,CCCCC(=O)NC(=S)Nc1cc(C)c(O)c(-c2nc3ncccc3o2)c1,
1570,,,,,0,DECOY,O=C(Cc1c[nH]c2ccccc12)NNc1ccc(C(F)(F)F)cc1[N+](=O)[O-],
1571,,,,,0,DECOY,CC(C)c1ccc(OCc2nnc(S[C@H]3CCCCNC3=O)n2N)cc1,
1572,,,,,0,DECOY,CCCNC(=S)NNC(=O)CCc1c(C)nc2c3ccccc3nn2c1C,
1573,,,,,0,DECOY,Cc1ccc(NC(=O)CSc2nnc(Cc3cccc(C)c3)c(=O)n2N)cc1,
1574,,,,,0,DECOY,CCCCn1c(N)c(N(CCC(C)C)C(=O)C2CCCCC2)c(=O)[nH]c1=O,
1575,,,,,0,DECOY,CCCCCOc1ccc([C@@H](C2=C(C)N=N[C@@H]2O)c2c(C)[nH][nH]c2=O)cc1,
1576,,,,,0,DECOY,N#CCN(CC#N)c1ncnc(Nc2ccc(Cl)c(C(F)(F)F)c2)c1N,
1577,,,,,0,DECOY,CCOc1cccc2cc([C@@H](C)NC(=O)Nc3ccc(F)c(NC(C)=O)c3)oc12,
1578,,,,,0,DECOY,CC(=O)Nc1ccc(C)c(NC(=O)N(Cc2ccco2)Cc2ccccc2O)c1,
1579,,,,,0,DECOY,Cc1cccc(NC(=O)CSc2n[nH]c(N/N=C/c3cccs3)n2)c1,
1580,,,,,0,DECOY,Cc1cccc(NC(=O)CSc2nnc(NC(=O)CNC(C)(C)C)s2)c1,
1581,,,,,0,DECOY,O=C(N/N=C/c1cccc(O)c1)C(=O)Nc1ccc(OCc2ccccc2)cc1,
1582,,,,,0,DECOY,CCN(CCCNC(=O)Nc1cccc(N2CCNC2=O)c1)c1ccccc1,
1583,,,,,0,DECOY,CCCC1=NN([C@@H]2Nc3ccccc3S2)C(=O)/C1=C(\C)NCCc1c[nH]cn1,
1584,,,,,0,DECOY,CCCCCCN1C(=O)N=C([O-])[C@H]([C@H]2NCCC3=c4ccccc4=[NH+][C@@H]32)[C@@H]1O,
1585,,,,,0,DECOY,CCCCNC(=O)NNC(=O)c1ccc(SCc2cn3ccccc3n2)cc1,
1586,,,,,0,DECOY,CCNC(=O)NNC(=O)CCc1ncc(-c2ccc(Cl)cc2Cl)o1,
1587,,,,,0,DECOY,CCCC(=O)Nc1cccc(NC(=O)NCCCN2C[C@@H](C)O[C@H](C)C2)c1C,
1588,,,,,0,DECOY,CCCCCNC(=O)NNC(=O)[C@@H]1CCCN(C(=O)c2cc(C)cc(C)c2)C1,
1589,,,,,0,DECOY,Cc1ccc(NC(=O)c2cc(S(=O)(=O)NCc3ccco3)ccc2C)c(O)c1,
1590,,,,,0,DECOY,CC(=O)Nc1cccc(OCCNC(=O)Nc2cccc(N(C)C(C)C)c2)c1,
1591,,,,,0,DECOY,Cc1ccc(-c2nnc(SCC(=O)NCCOc3cccc(C)c3)n2N)cc1,
1592,,,,,0,DECOY,CCOc1cccc(/C=N/NC(=O)c2[nH]nc(-c3ccccc3)c2C)c1O,
1593,,,,,0,DECOY,CCc1ccc(CCNC(=O)NNC(=O)c2c(C)nc3ccccn23)cc1,
1594,,,,,0,DECOY,NS(=O)(=O)c1cc(C(=O)OCC(=O)NC2CCCCCCC2)ccc1Cl,
1595,,,,,0,DECOY,Nc1nnc(CC(=O)N/N=C\c2cccc(OCc3ccccc3Cl)c2)s1,
1596,,,,,0,DECOY,Cc1cc2cc(CN[C@@H](CO)[C@@H](O)c3ccc([N+](=O)[O-])cc3)oc2cc1C,
1597,,,,,0,DECOY,CCCCSc1nc(=O)c2c([nH]1)NC(=O)C[C@@H]2C(=O)Nc1ccc(C)cc1C,
1598,,,,,0,DECOY,Cc1ccc(S(=O)(=O)NCCC(=O)N/N=C\c2c[nH]c3ccccc23)cc1,
1599,,,,,0,DECOY,O=C(COC(=O)/C=C\c1cccc(Cl)c1)Nc1ccc2[nH]c(=O)[nH]c2c1,
1600,,,,,0,DECOY,C/C=C\COC(=O)C1=C(C)NC(=O)N[C@@H]1c1cc(Cl)c(O)c(OC)c1,
1601,,,,,0,DECOY,CCOc1ccc2cc(C(=O)NNC(=O)COc3ccc(C)cc3)[nH]c2c1,
1602,,,,,0,DECOY,Cc1ccc(-c2nnc(SCCNC(=O)OCC(F)(F)F)n2N)cc1,
1603,,,,,0,DECOY,Cc1ccc(-c2nnc(SCC(=O)Nc3cccc(Cl)c3C)n2N)cc1,
1604,,,,,0,DECOY,COc1cccc([C@@H]2NC(=S)NC(C)=C2C(=O)Nc2ccc(C)cc2)c1OC,
1605,,,,,0,DECOY,Cc1cccc(C(=O)Oc2ccc(Br)cc2/C=N/NC(N)=O)c1,
1606,,,,,0,DECOY,CCOc1ccccc1NC(=O)C1=C(C)NC(=O)N[C@H]1c1ccccc1C,
1607,,,,,0,DECOY,CCCCC(=O)NNC(=O)c1c(NC(=O)C(C)(C)C)sc2c1CCCC2,
1608,,,,,0,DECOY,Oc1ccc(/C=N/Nc2cc(C(F)(F)F)nc(-c3ccccc3)n2)c(O)c1,
1609,,,,,0,DECOY,Cc1c(Cl)cccc1NC(=O)C(=O)NNC(=O)c1ccc(C(C)(C)C)cc1,
1610,,,,,0,DECOY,C=CCc1cccc(/C=N/NC(=O)CSc2nc3ccccc3[nH]2)c1O,
1611,,,,,0,DECOY,Cc1cc(Cl)ccc1OCC(=O)NNC(=O)c1cc(Cl)ccc1O,
1612,,,,,0,DECOY,O=[N+]([O-])c1ccc(NC(=S)NCc2ccc3[nH]c4c(c3c2)CCCC4)cc1,
1613,,,,,0,DECOY,NNc1nc2sc3c(c2c2nnc(SCCc4ccccc4)n12)CCC3,
1614,,,,,0,DECOY,Cc1[nH]c2ccccc2c1/C=N/NC(=O)CCC(=O)Nc1ccccc1Cl,
1615,,,,,0,DECOY,C[C@H](Oc1ccc(Cl)cc1Cl)C(=O)N/N=C/c1ccc(O)cc1O,
1616,,,,,0,DECOY,CSc1ccccc1NC(=O)c1csc(NC(=O)Nc2cccc(C)c2)n1,
1617,,,,,0,DECOY,CCCCCNC(=O)c1csc(NC(=O)Nc2ccc(Cl)cc2)n1,
1618,,,,,0,DECOY,Cc1cccc(C(=O)NC(=S)NNC(=O)[C@H](C)Oc2ccc(C)c(C)c2)c1,
1619,,,,,0,DECOY,Cc1cccc(COc2ccccc2/C=N/NC(=O)c2cc(O)cc(O)c2)c1,
1620,,,,,0,DECOY,Cc1cc(OCC(=O)NNC(=O)Nc2cccc(Cl)c2)ccc1Cl,
1621,,,,,0,DECOY,CNc1nc(SCC(N)=O)nc2nc3c(c(-c4cccs4)c12)CCCC3,
1622,,,,,0,DECOY,Nn1c(N/N=C/c2cccc3ccccc23)nnc1SCc1ccccc1,
1623,,,,,0,DECOY,CCOC(=O)[C@](O)(c1ccc(NC(=O)NC2CCCCC2)c(C)c1)C(F)(F)F,
1624,,,,,0,DECOY,Cn1nc2nc(NCCc3cccs3)nc(-c3ccc(Cl)cc3)c2c1N,
1625,,,,,0,DECOY,C[C@@H](OC(=O)c1ccc(N)cc1)C(=O)Nc1nc(-c2ccc(Cl)cc2)cs1,
1626,,,,,0,DECOY,CC1=C(C(=O)CSc2n[nH]c(N)n2)C[C@H](C)N1c1ccc(Cl)c(Cl)c1,
1627,,,,,0,DECOY,CC[C@@H](C)NC(=O)Nc1ccc(OC)c(NC(=O)c2ccc(Cl)cc2F)c1,
1628,,,,,0,DECOY,CCCCc1ccc(-n2c(=O)[nH]c([O-])c([C@H]3[NH2+]CCc4ccccc43)c2=O)cc1,
1629,,,,,0,DECOY,COc1ccccc1C1(CNC(=O)Nc2cc(NC(C)=O)ccc2F)CCCC1,
1630,,,,,0,DECOY,COC(=O)C1=C(CNCc2ccc(F)cc2)NC(=O)N[C@H]1c1cc(C)ccc1C,
1631,,,,,0,DECOY,CC/C(=N\NC(=O)CCC(=O)Nc1cccc(Cl)c1C)c1ccc(O)cc1,
1632,,,,,0,DECOY,Cc1cc(C)nc(N/C(=N/C(=S)Nc2ccc(C)c(C)c2)NC2CCCC2)n1,
1633,,,,,0,DECOY,NS(=O)(=O)c1ccc(NC(=O)c2ccccc2Oc2ccccc2)cc1,
1634,,,,,0,DECOY,CC(C)Oc1ccc([C@@H](C)NC(=O)Nc2ccc3c(c2)CCC(=O)N3)cc1,
1635,,,,,0,DECOY,Cc1ccc(N[C@@H](C)C(=O)Nc2ccc(F)cc2Cl)cc1NS(C)(=O)=O,
1636,,,,,0,DECOY,CC(C)(C)OC(=O)NCCNC(=O)Nc1ccc(Br)cc1Cl,
1637,,,,,0,DECOY,Cc1ccc(-c2nc(NCCN3CCCC3)ncc2-c2ccc(N)nc2)cc1,
1638,,,,,0,DECOY,Cc1cccc(NNC(=O)c2ccc(S(=O)(=O)Nc3ccccc3)cc2)c1,
1639,,,,,0,DECOY,C[C@@H]1CCC[C@H](NC(=S)NNC(=O)c2ccn(-c3cccc(F)c3)n2)[C@@H]1C,
1640,,,,,0,DECOY,CCNC(=O)Nc1cccc(NC(=O)C(C)(C)Oc2ccc(Cl)cc2)c1,
1641,,,,,0,DECOY,COC(=O)Nc1cc(NC(=O)NC(C)(C)c2cccc(F)c2)ccc1F,
1642,,,,,0,DECOY,CC(C)c1ccc(NC(=O)NCCOc2ccc3c(c2)CCC(=O)N3)cc1,
1643,,,,,0,DECOY,CCCNc1c(/N=C(\O)Nc2ccc(C)c(F)c2)c(=O)oc2ccccc12,
1644,,,,,0,DECOY,NC(=O)c1ccccc1OCC#CCNC(=O)COc1ccc2ccccc2c1,
1645,,,,,0,DECOY,CC(C)(C)c1ccc(S(=O)(=O)NCC#CCOc2ccccc2C(N)=O)cc1,
1646,,,,,0,DECOY,Cc1cn(-c2ccccc2Cl)nc1NC(=O)NCCC[C@@H]1CCCC[C@@H]1O,
1647,,,,,0,DECOY,COc1ccccc1/C=C\C=N/NC(=O)c1nc(Cl)c(Cl)c(N)c1Cl,
1648,,,,,0,DECOY,COc1ccccc1/C=C/C=N\NC(=O)c1nc(Cl)c(Cl)c(N)c1Cl,
1649,,,,,0,DECOY,CC(C)(Oc1ccc(F)cc1)C(=O)NNC(=O)c1cc(Cl)ccc1O,
1650,,,,,0,DECOY,CN(C)c1cccc(C(=O)NNC(=O)NCCc2c(Cl)cccc2Cl)c1,
1651,,,,,0,DECOY,Cc1ccc(Cn2ccs/c2=N\C(=O)c2ccc(CNC(N)=O)cc2)cc1,
1652,,,,,0,DECOY,Cc1cc(C(=O)NC2CCCCC2)ccc1NC(=O)CNC(=O)CC(C)(C)C,
1653,,,,,0,DECOY,CCOC(=O)[C@@H]1[C@H](c2cccc([N+](=O)[O-])c2)NC(=S)N[C@]1(O)C(F)(F)F,
1654,,,,,0,DECOY,CCOC(=O)[C@H]1[C@@H](c2cccc([N+](=O)[O-])c2)NC(=S)N[C@]1(O)C(F)(F)F,
1655,,,,,0,DECOY,COc1cc(C(=O)NNC(=O)Nc2cccc(Cl)c2)cc(OC)c1OC,
1656,,,,,0,DECOY,COC(=O)c1cc(NS(=O)(=O)c2ccc(Cl)c(N)c2)cc(C(=O)OC)c1,
1657,,,,,0,DECOY,O=C(COc1ccccc1C(=O)Nc1ccccc1)NC(=O)NCc1ccco1,
1658,,,,,0,DECOY,Nc1ccc(NS(=O)(=O)c2ccc(OC(F)(F)F)cc2)cc1[N+](=O)[O-],
1659,,,,,0,DECOY,CCc1ccc([C@@H](C)NC(=O)CSc2nnc(-n3nc(C)cc3C)n2N)cc1,
1660,,,,,0,DECOY,CC(C)(C)NS(=O)(=O)c1ccc(NC2CCC(O)CC2)c([N+](=O)[O-])c1,
1661,,,,,0,DECOY,CNc1ccc(C(=O)NNC(=O)CC23CC4CC(CC(C4)C2)C3)cc1[N+](=O)[O-],
1662,,,,,0,DECOY,CC(C)(C)NC(=O)c1ccccc1NC(=S)NC(=O)c1ccccc1[N+](=O)[O-],
1663,,,,,0,DECOY,N#C/C(=C/c1cccc([N+](=O)[O-])c1)C(=O)Nc1sc2c(c1C(N)=O)CCCC2,
1664,,,,,0,DECOY,CCOC(=O)NNC(=O)c1ccc(NS(=O)(=O)c2ccc(F)c(C)c2)cc1,
1665,,,,,0,DECOY,CNC(=S)/N=C(\NCc1ccc2c(c1)OCO2)Nc1nc(C)cc(C)n1,
1666,,,,,0,DECOY,CCCCn1c(N)c(N(C)C(=O)COc2ccc3ccccc3c2)c(=O)[nH]c1=O,
1667,,,,,0,DECOY,CCN(CC)c1ccc(/C=N/n2c(-c3[nH]nc4c3CCC4)n[nH]c2=S)c(O)c1,
1668,,,,,0,DECOY,O=[N+]([O-])c1ccc(NCCO)c(NS(=O)(=O)c2ccc3ccccc3c2)c1,
1669,,,,,0,DECOY,Cc1cc(C)nc(N/C(=N/CCc2c[nH]cn2)NC(=O)c2ccc(Cl)cc2)n1,
1670,,,,,0,DECOY,CN(C(=O)c1c(O)cccc1O)[C@@H](C(=O)NC(C)(C)C)c1ccc2c(c1)OCO2,
1671,,,,,0,DECOY,CCCCNC(=O)[C@H](c1ccc2c(c1)OCO2)N(C)C(=O)c1cccc(O)c1O,
1672,,,,,0,DECOY,CC[C@@H](C(=O)Nc1nc2ccc(C)cc2s1)n1c(N)nnc1SCC#N,
1673,,,,,0,DECOY,CCCc1cc2c(c(=O)[nH]1)[C@@H](c1cccc(OC)c1OC)C(C(=O)OC)=C(N)O2,
1674,,,,,0,DECOY,O=C(NCc1cc(Br)cs1)NNC(=O)c1cccc([N+](=O)[O-])c1,
1675,,,,,0,DECOY,CS(=O)(=O)Nc1cccc(NC(=O)Cc2csc(Nc3ccccn3)n2)c1,
1676,,,,,0,DECOY,C[C@@H](Sc1nnc2n1CCCCC2)c1nc(N)nc(Nc2ccccc2)n1,
1677,,,,,0,DECOY,CCCCn1c(N)c(N(CC)C(=O)c2cc3ccccc3n2C)c(=O)[nH]c1=O,
1678,,,,,0,DECOY,CCOc1ccc(N=Nc2ccc(O)c(C=C3C(=O)NC(=S)NC3=O)c2)cc1,
1679,,,,,0,DECOY,Nc1nc(CSCc2noc(-c3ccsc3)n2)nc(Nc2ccccc2)n1,
1680,,,,,0,DECOY,O=C(NNC(=S)NC(=O)c1cccc(Cl)c1)c1ccc([N+](=O)[O-])cc1,
1681,,,,,0,DECOY,C=CCN(Cc1cccc([N+](=O)[O-])c1)C(=O)Nc1ccc(F)c(C(N)=O)c1,
1682,,,,,0,DECOY,C=CCOc1ccccc1[C@@H]1CC(=O)N[C@H]2C1=C(C)NN2c1ccc(O)nn1,
1683,,,,,0,DECOY,C=CCOc1ccccc1[C@H]1CC(=O)N[C@H]2C1=C(C)NN2c1ccc(O)nn1,
1684,,,,,0,DECOY,CC(C)(C)OC(=O)NCCNC(=O)Nc1cccc(Cl)c1-n1cccn1,
1685,,,,,0,DECOY,c1ccn([C@H](Cc2c[nH]cn2)[C@@H]2N[C@H](C3CC3)NN2c2ccc3c(c2)OCO3)c1,
1686,,,,,0,DECOY,Cc1ccc(NC(=O)C(=O)NC[C@@H](O)c2cccc3ccccc23)c([N+](=O)[O-])c1,
1687,,,,,0,DECOY,COc1cc([C@@H]2C(C#N)=C(N)Oc3[nH]nc(C(C)(C)C)c32)cc(OC)c1OC,
1688,,,,,0,DECOY,O=C(CN1CCc2nc(NC(=O)NC3CCCC3)sc2C1)NCc1ccco1,
1689,,,,,0,DECOY,CCc1cccc(NC(=O)CNC(=O)Nc2ccc3c(c2)oc(=O)n3C)c1,
1690,,,,,0,DECOY,O=C(CNC(=O)c1cccc([N+](=O)[O-])c1)NC[C@H](O)c1ccc2ccccc2c1,
1691,,,,,0,DECOY,NS(=O)(=O)c1cc([N+](=O)[O-])c(NC[C@H]2COc3ccccc3C2)s1,
1692,,,,,0,DECOY,Cc1cc([N+](=O)[O-])ccc1NC(=O)CN1Cc2ccccc2C[C@H]1C(N)=O,
1693,,,,,0,DECOY,CCc1onc(C)c1NC(=O)N[C@@H]1CCC[C@H]1CNC(=O)OC(C)(C)C,
1694,,,,,0,DECOY,COc1cc(NC(=O)NC[C@@](C)(O)c2ccc3c(c2)OCO3)cc(OC)c1,
1695,,,,,0,DECOY,COc1nn(C)c(C)c1NC(=O)NCCCc1nc2ccc(Cl)cc2[nH]1,
1696,,,,,0,DECOY,N/C(=N/O)c1nc(N2CCCC2)nc(N(c2ccccc2)c2ccccc2)n1,
1697,,,,,0,DECOY,C[C@@H](c1nc(N)n/c(=N\c2ccccc2)[nH]1)N(C)Cc1cnn(-c2ccccc2)c1,
1698,,,,,0,DECOY,C[C@H](Sc1nc(/C=C\c2cccs2)n[nH]1)c1nc(N)nc(N(C)C)n1,
1699,,,,,0,DECOY,O=C(CSc1nnc(-c2c[nH]c3ccccc23)o1)NNC(=O)c1ccccc1,
1700,,,,,0,DECOY,CC(=O)NC1(c2noc(CCC(=O)NNc3cccc(C)c3)n2)CCCCCC1,
1701,,,,,0,DECOY,Cc1nc2nc(N)nn2c(C)c1CCC(=O)Nc1cccc(N2CCCCC2)c1,
1702,,,,,0,DECOY,O=C(N/N=C\c1cccc(O)c1O)c1cccc(S(=O)(=O)N2CCCCC2)c1,
1703,,,,,0,DECOY,O=C(COC(=O)c1ccc(N2C(=O)c3ccc(C(=O)OCC(=O)c4cccc([N+](=O)[O-])c4)cc3C2=O)cc1)c1cccc([N+](=O)[O-])c1,
1704,,,,,0,DECOY,CCCCCC(=O)N1c2ccccc2C2=C(SC(C(=O)OC)=C(C(=O)OC)C23SC(C(=O)OC)=C(C(=O)OC)S3)C1(C)C,
1705,,,,,0,DECOY,Cc1cc(C)nc(NS(=O)(=O)c2ccc(N/C=C(/C#N)c3nc(-c4cc5cc([N+](=O)[O-])ccc5oc4=O)cs3)cc2)n1,
1706,,,,,0,DECOY,CCCC(=O)N1c2ccccc2C2=C(SC(C(=O)OCC)=C(C(=O)OCC)C23SC(C(=O)OCC)=C(C(=O)OCC)S3)C1(C)C,
1707,,,,,0,DECOY,C=CCn1c(SCC(=O)Nc2sc(C(=O)OCC)c(C)c2C(=O)OCC)nc2scc(-c3ccco3)c2c1=O,
1708,,,,,0,DECOY,CCOc1cccc2c1N(C(C)=O)C(C)(C)C1=C2C2(SC(C(=O)OC)=C(C(=O)OC)S2)C(C(=O)OC)=C(C(=O)OC)S1,
1709,,,,,0,DECOY,CN(C(=O)Cn1c(=O)n(Cc2ccc(C(=O)NCc3ccc4c(c3)OCO4)cc2)c(=O)c2ccccc21)c1ccccc1,
1710,,,,,0,DECOY,O=C(COC(=O)[C@H](CCCCN1C(=O)[C@H]2[C@H]3CC[C@H](C3)[C@H]2C1=O)N1C(=O)[C@H]2[C@H]3CC[C@H](C3)[C@H]2C1=O)c1cccc([N+](=O)[O-])c1,
1711,,,,,0,DECOY,O=C(CSC1=Nc2ccccc2C2=N[C@H](CCC(=O)N3CCN(c4ccccc4)CC3)C(=O)N12)NC[C@@H]1CCCO1,
1712,,,,,0,DECOY,NS(=O)(=O)c1ccc(CCNC(=O)CSC2=Nc3ccccc3C3=N[C@@H](CCC(=O)NCc4ccco4)C(=O)N23)cc1,
1713,,,,,0,DECOY,CCOC(=O)c1c(NC(=O)[C@H](C)Sc2nnc(CNC(=O)c3ccco3)n2-c2cccc(Cl)c2)sc2c1CCCC2,
1714,,,,,0,DECOY,CCOC(=O)c1sc(NC(=O)c2cc3n(n2)[C@@H](C(F)(F)F)C[C@@H](c2ccc4c(c2)OCO4)N3)c(C(=O)OCC)c1C,
1715,,,,,0,DECOY,CCOC(=O)C1=C(C)C2[C@@H]3C(=O)N(c4ccc(OC(C)=O)cc4)C(=O)[C@H]3C1(C)[C@H]1C(=O)N(c3ccc(OC(C)=O)cc3)C(=O)[C@H]21,
1716,,,,,0,DECOY,COc1ccc(CN2CCN(Cc3c(O)c(=O)cc(CN4C[C@@H]5C[C@H](C4)Cn4c5cccc4=O)n3C)CC2)c(OC)c1OC,
1717,,,,,0,DECOY,CCOc1ccc(N2C(=O)[C@@](Cc3ccc(OC)cc3)(C[NH+]3C[C@@H]4C[C@@H](Cn5c4cccc5=O)C3)C(=O)N=C2[O-])cc1,
1718,,,,,0,DECOY,CC(=O)OC[C@H]1O[C@@H](Oc2c(Br)cc(Br)cc2Br)[C@H](OC(C)=O)[C@@H](OC(C)=O)[C@@H]1OC(C)=O,
1719,,,,,0,DECOY,CCOC(=O)c1c(NC(=O)CSc2nnc(-c3c(Cl)c(C)nn3C)n2Cc2ccco2)sc2c1CC[C@H](CC)C2,
1720,,,,,0,DECOY,Cc1ccccc1OC[C@@H](O)Cn1c(N/N=C/Cn2c(Br)nc3c2c(=O)n(C)c(=O)n3C)nc2c1c(=O)n(C)c(=O)n2C,
1721,,,,,0,DECOY,CCOC(=O)C[C@@H]1C(=O)NCCN1c1nc2ccccn2c(=O)c1/C=C1\SC(=S)N(Cc2ccc(C)cc2)C1=O,
1722,,,,,0,DECOY,CCOC(=O)C[C@H]1C(=O)NCCN1c1nc2ccccn2c(=O)c1/C=C1\SC(=S)N(Cc2ccc(C)cc2)C1=O,
1723,,,,,0,DECOY,C/C=C/C(=O)N1c2ccc(C)cc2C2=C(SC(C(=O)OC)=C(C(=O)OC)C23SC(C(=O)OC)=C(C(=O)OC)S3)C1(C)C,
1724,,,,,0,DECOY,CN(C)S(=O)(=O)c1ccc(C(=O)NCc2nnc(SCC(=O)N3CCc4ccccc43)n2-c2ccccc2)cc1,
1725,,,,,0,DECOY,CCOc1ccc(-n2c(CNC(=O)COc3ccccc3)nnc2SCC(=O)N2N=C(c3cccs3)C[C@H]2c2ccc(F)cc2)cc1,
1726,,,,,0,DECOY,CCOc1ccc(-n2c(CNC(=O)COc3ccccc3)nnc2SCC(=O)N2N=C(c3cccs3)C[C@@H]2c2ccc(OC)cc2)cc1,
1727,,,,,0,DECOY,CCOC(=O)C1=C(C)N=c2s/c(=C/c3cc(Br)ccc3OC(C)=O)c(=O)n2[C@H]1c1ccc(OC(C)=O)c(OCC)c1,
1728,,,,,0,DECOY,CCCCCOc1ccc([C@@H]2C(C(=O)c3ccc4c(c3)OCCO4)=C(O)C(=O)N2c2nc(C)c(C(C)=O)s2)cc1OCC,
1729,,,,,0,DECOY,CCCCCOc1cccc([C@H]2C(C(=O)c3ccc4c(c3)OCCO4)=C(O)C(=O)N2c2nc(C)c(C(=O)OCC)s2)c1,
1730,,,,,0,DECOY,CCOC(=O)c1sc(N2C(=O)C(O)=C(C(=O)c3ccc4c(c3)C[C@H](C)O4)[C@H]2c2ccc(OCC)c(OCC)c2)nc1C,
1731,,,,,0,DECOY,C=CCOC(=O)c1sc(N2C(=O)C(O)=C(C(=O)c3ccc4c(c3)C[C@@H](C)O4)[C@H]2c2ccc(OCCC)c(OCC)c2)nc1C,
1732,,,,,0,DECOY,CCOc1ccc(-n2c(CNC(=O)c3ccc(S(=O)(=O)N(CC)CC)cc3)nnc2SCC(=O)N2CCc3ccccc32)cc1,
1733,,,,,0,DECOY,Cn1c(=O)[nH]c(=O)c2c1nc(N1CCN(c3cccc(Cl)c3)CC1)n2CCCSc1nnnn1-c1ccccc1,
1734,,,,,0,DECOY,CCOC(=O)C12C(C)=CC(C)([C@H]3C(=O)N(c4ccc(OC(C)=O)cc4)C(=O)[C@@H]31)[C@@H]1C(=O)N(c3ccc(OC(C)=O)cc3)C(=O)[C@H]12,
1735,,,,,0,DECOY,CCC(CC)C(=O)Nc1nnc(SCc2cc(=O)c(OC(=O)c3c(-c4ccccc4Cl)noc3C)co2)s1,
1736,,,,,0,DECOY,O=C(N[C@@H]1CCS(=O)(=O)C1)Oc1ccc(S(=O)(=O)c2ccc(OC(=O)N[C@@H]3CCS(=O)(=O)C3)cc2)cc1,
1737,,,,,0,DECOY,Cn1c(SCC(=O)Nc2nn(-c3ccccc3)nc2C(N)=O)nc2c1c(=O)n(Cc1ccccc1Cl)c(=O)n2C,
1738,,,,,0,DECOY,COC(=O)[C@](O)(c1ccc2c(c1)CCN2[C@@H]1O[C@H](COC(C)=O)[C@H](OC(C)=O)[C@H](OC(C)=O)[C@@H]1OC(C)=O)C(F)(F)F,
1739,,,,,0,DECOY,CCOC(=O)C1=C(N)N(c2ccc(F)cc2)C2=C(C(=O)[C@H](C(=O)OCC)[C@@H](c3cccs3)C2)[C@@H]1c1cccc([N+](=O)[O-])c1,
1740,,,,,0,DECOY,CCOC(=O)C1=C(N)N(c2ccc([N+](=O)[O-])cc2)C2=C(C(=O)[C@H](C(=O)OCC)[C@H](c3cccs3)C2)[C@@H]1c1ccccc1F,
1741,,,,,0,DECOY,CC(C)CCNC(=O)[C@H]1Cc2cccc(c2)Oc2cc(ccc2[N+](=O)[O-])C(=O)N(CCc2ccccc2F)CC(=O)N1,
1742,,,,,0,DECOY,CCOC(=O)C1=C(CN(Cc2ccc3c(c2)OCO3)S(=O)(=O)c2ccccc2)NC(=O)N[C@@H]1c1ccc(OC)cc1,
1743,,,,,0,DECOY,CCN1C(=O)[C@@]2(C(C(=O)c3ccc(S(=O)(=O)N(C)C)cc3)=C([O-])C(=O)N2CCC[NH+]2CCOCC2)c2ccccc21,
1744,,,,,0,DECOY,COc1cc([C@H]2C3=C(CC(C)(C)CC3=O)Nc3nc(SCc4ccc([N+](=O)[O-])cc4)[nH]c(=O)c32)cc(OC)c1OC,
1745,,,,,0,DECOY,C=CCOC(=O)c1sc(N2C(=O)C(O)=C(C(=O)c3ccc(OCCCC)cc3)[C@@H]2c2cccc([N+](=O)[O-])c2)nc1C,
1746,,,,,0,DECOY,CCOC(=O)c1c(NC(=O)CSc2nnc(CNC(=O)c3cc(OC)cc(OC)c3)n2C)sc2c1CCCC2,
1747,,,,,0,DECOY,Nc1nonc1-n1nnc(CN2CCCC2)c1C(=O)N/N=C/c1cc([N+](=O)[O-])ccc1OCc1c(Cl)cccc1Cl,
1748,,,,,0,DECOY,CCOCCCN1C(=O)/C(=C2/C(=O)N(CC(=O)Nc3c(C)n(C)n(-c4ccccc4)c3=O)c3ccccc32)SC1=S,
1749,,,,,0,DECOY,COC(=O)[C@H]1O[C@@H](O[C@@H]2CC[C@@]3(C)[C@@H](CC[C@H]4[C@H]3CC[C@]3(C)[C@@H]4CC[C@]3(O)C(=O)COC(C)=O)C2)[C@H](OC(C)=O)[C@@H](OC(C)=O)[C@@H]1OC(C)=O,
1750,,,,,0,DECOY,Cc1ccc(S(=O)(=O)OC[C@H]2O[C@@H]3OC(C)(C)O[C@@H]3[C@@H](OS(=O)(=O)c3ccc(C)cc3)[C@@H]2OS(=O)(=O)c2ccc(C)cc2)cc1,
1751,,,,,0,DECOY,COc1cc(/C=C2/SC(=S)N(c3c(C)n(C)n(-c4ccccc4)c3=O)C2=O)ccc1OC(=O)c1ccc([N+](=O)[O-])cc1,
1752,,,,,0,DECOY,CCOc1ccc(Cc2cc([C@@H]3O[C@H](COC(C)=O)[C@@H](OC(C)=O)[C@H](OC(C)=O)[C@H]3OC(C)=O)ccc2Cl)cc1,
1753,,,,,0,DECOY,O=[N+]([O-])c1cc(/C=N/Nc2nc3nonc3nc2Nc2ccc(I)cc2)ccc1N1CCCCC1,
1754,,,,,0,DECOY,CCOC(=O)[C@H]1C(c2ccc(Cl)c([N+](=O)[O-])c2)[C@@H](C(=O)OCC)[C@](O)(C(F)(F)F)N[C@]1(O)C(F)(F)F,
1755,,,,,0,DECOY,COC(=O)c1cccc(S(=O)(=O)N(Cc2ccc3c(c2)OCO3)Cc2cc3cc4c(cc3[nH]c2=O)OCCO4)c1,
1756,,,,,0,DECOY,CC(=O)OC[C@@H]1O[C@@H](COc2ccc(C(=O)c3cscn3)c(O)c2)[C@@H](OC(C)=O)[C@@H](OC(C)=O)[C@H]1OC(C)=O,
1757,,,,,0,DECOY,Cc1cccc(NC(=O)Cn2c(=O)n(CCCCCC(=O)NCc3ccc4c(c3)OCO4)c(=O)c3sccc32)c1,
1758,,,,,0,DECOY,CCOC(=O)C1=C(N)n2c(s/c(=C/c3ccc4c(c3)OCO4)c2=O)=C(C(=O)OCC)[C@@H]1c1ccc2c(c1)OCO2,
1759,,,,,0,DECOY,CCOc1cc([C@H]2Nc3ccccc3NC3=C2C(=O)C[C@H](c2cc(OC)c(OC)c(OC)c2)C3)cc([N+](=O)[O-])c1O,
1760,,,,,0,DECOY,Cc1cccc(N(C(=O)Cn2nnc(-c3ccc(C)o3)n2)[C@@H](C(=O)NC[C@@H]2CCCO2)c2ccc(N(C)C)cc2)c1,
1761,,,,,0,DECOY,Cc1ccc(-c2nnn(CC(=O)N(Cc3ccc4c(c3)OCO4)[C@H](C(=O)NC[C@@H]3CCCO3)c3ccc(F)cc3)n2)o1,
1762,,,,,0,DECOY,CC[C@@H](c1nnnn1Cc1ccc(OC)cc1)N(Cc1ccc2c(c1)OCO2)Cc1cc2ccc(C)c(C)c2[nH]c1=O,
1763,,,,,0,DECOY,CCc1ccc2[nH]c(=O)c([C@H](c3nnnn3Cc3ccco3)N3CCN(Cc4ccc5c(c4)OCO5)CC3)cc2c1,
1764,,,,,0,DECOY,Cc1ccc(NC(=O)Cn2c(=O)n(CCCC(=O)NCc3ccc4c(c3)OCO4)c(=O)c3sccc32)c(C)c1,
1765,,,,,0,DECOY,COC(=O)c1ccccc1NC(=O)Cn1c(=O)n(-c2ccc(Cl)c(Cl)c2)c(=O)c2c(C)c(C(=O)N(C)C)sc21,
1766,,,,,0,DECOY,C=CCn1c(SCC(=O)Nc2ccc(S(=O)(=O)Nc3cc(C)on3)cc2)nc2sc3c(c2c1=O)CCC3,
1767,,,,,0,DECOY,CC(=O)N[C@H]1[C@@H](OC(=O)COc2ccc(Cl)cc2Cl)O[C@@H](COC(C)=O)[C@@H](OC(C)=O)[C@@H]1OC(C)=O,
1768,,,,,0,DECOY,CC(=O)O[C@H]1[C@H](C)O[C@@H](Oc2ccc3ccc(=O)oc3c2-c2c(O)ccc3cc(Oc4ccc5ccc(=O)oc5c4)c(=O)oc23)[C@H](O)[C@@H]1O,
1769,,,,,0,DECOY,CCc1ccc(N2C(=O)NC(=O)/C(=C/c3c(CCN(C)C(=O)c4ccccc4)cc4c(c3OC)OCO4)C2=O)cc1,
1770,,,,,0,DECOY,COc1c(/C=C2/C(=O)NC(=O)N(c3ccc(Cl)cc3)C2=O)c(CCN(C)C(=O)c2ccccc2)cc2c1OCO2,
1771,,,,,0,DECOY,C[C@]12C[C@H](O)[C@H]3[C@@H](CCC4=CC(=O)CC[C@@]43C)[C@@H]1CC[C@]2(O)C(=O)COC(=O)CCC(=O)NCCc1c[nH]cn1,
1772,,,,,0,DECOY,COc1ccc(CCN2C(=O)[C@@H]3[C@@H](Cc4ccc(O)c(O)c4)N[C@@]4(C(=O)Nc5c(Cl)cc(C)cc54)[C@@H]3C2=O)cc1OC,
1773,,,,,0,DECOY,COC[C@@H]1O[C@H](OC(C)(C)[C@@H]2CC[C@]3(C)C=C([C@@H]4CC[C@H]5[C@@]6(C)CC[C@H](C(C)(C)O)O[C@@H]6[C@@H](O)C[C@]45C)CC[C@@H]3O2)[C@@H](NC(C)=O)[C@@H](O)[C@@H]1O,
1774,,,,,0,DECOY,O=c1nc([C@H]2CCCN(S(=O)(=O)c3ccc(OC(F)(F)F)cc3)C2)[nH]c2c1nnn2Cc1ccccc1Cl,
1775,,,,,0,DECOY,COc1cc([C@@H]2c3cc4c(cc3[C@@H](NC(=O)c3cccc([N+](=O)[O-])c3)[C@H]3COC(=O)[C@@H]32)OCO4)cc(OC)c1OC,
1776,,,,,0,DECOY,COC(=O)C1=C(C(=O)OC)SC2(S1)C(C(=O)OC)=C(C(=O)OC)SC1=C2c2cc(C)ccc2N(C(=O)Nc2ccc(Cl)cc2)C1(C)C,
1777,,,,,0,DECOY,CCOc1ccc(-n2c(SCC(=O)N/N=C/C=C\c3ccccc3[N+](=O)[O-])nnc2-c2ccc(Cl)cc2)cc1,
1778,,,,,0,DECOY,Cc1ccc(C(=O)N/C(=C\c2cccc([N+](=O)[O-])c2)C(=O)Nc2ccc(S(=O)(=O)/N=c3\[nH]ccs3)cc2)cc1,
1779,,,,,0,DECOY,Cc1ccc([C@@H]2CC(c3cccs3)=NN2C(=O)CSc2nc(=O)c3cnn(-c4ccc(S(N)(=O)=O)cc4)c3[nH]2)cc1,
1780,,,,,0,DECOY,CCOC(=O)C1=C(C)N(CCOC)C(=O)/C1=C\c1ccc(CNC(=O)C(=O)Nc2ccc(C(=O)OCC)cc2)o1,
1781,,,,,0,DECOY,CCOC(=O)N1CCc2c(sc(NC(=O)c3ccc(S(=O)(=O)N(C)C4CCCCC4)cc3)c2C(N)=O)C1,
1782,,,,,0,DECOY,CCOC(=O)N1CCc2c(sc(NC(=O)c3ccc(S(=O)(=O)N4C[C@H](C)C[C@@H](C)C4)cc3)c2C(N)=O)C1,
1783,,,,,0,DECOY,CN1CCN(Cc2c(C(=O)N/N=C/c3cccc(OCc4ccc(Cl)cc4)c3)nnn2-c2nonc2N)CC1,
1784,,,,,0,DECOY,C=CCOc1ccc([C@@H]2C(C(=O)c3ccc4c(c3)OCCO4)=C(O)C(=O)N2c2nnc(SCc3ccccc3Cl)s2)cc1OCC,
1785,,,,,0,DECOY,CCCCOc1ccc([C@H]2C(C(=O)c3ccc4c(c3)OCCO4)=C(O)C(=O)N2c2nc(C)c(C(C)=O)s2)cc1OCC,
1786,,,,,0,DECOY,Cc1nn(-c2ccccc2)c(O)c1[C@H](c1cccc(OC(=O)c2ccc([N+](=O)[O-])cc2)c1)c1c(C)[nH]n(-c2ccccc2)c1=O,
1787,,,,,0,DECOY,Cn1c(=O)c2c(nc(SCc3nc(N)nc(N4CCCCC4)n3)n2Cc2cccc(C(F)(F)F)c2)n(C)c1=O,
1788,,,,,0,DECOY,CCOC(=O)c1c(NC(=S)N2CC/[N+](=c3\c(F)cc4c(O)c(C(=O)[O-])cn(C5CC5)c-4c3OC)C[C@@H]2C)sc2c1CCCC2,
1789,,,,,0,DECOY,COc1ccc(CCN[C@H]2CC(=O)N(c3ccc(N4C(=O)C[C@@H](NCCc5ccc(OC)cc5)C4=O)cc3)C2=O)cc1,
1790,,,,,0,DECOY,CCN1C(=O)[C@]2(C(C(=O)c3ccc(S(=O)(=O)N(C)C)cc3)=C([O-])C(=O)N2CC[NH+]2CCOCC2)c2ccccc21,
1791,,,,,0,DECOY,CCCCOc1ccc(C(=O)C2=C(O)C(=O)N(c3nc(C)c(C(=O)OC)s3)[C@@H]2c2ccc(C(=O)OC)cc2)cc1,
1792,,,,,0,DECOY,CCCCOc1ccc(C(=O)C2=C(O)C(=O)N(c3nc(C)c(C(=O)OC)s3)[C@H]2c2ccc(C(=O)OC)cc2)cc1,
1793,,,,,0,DECOY,CCCCOc1ccc(C(=O)C2=C(O)C(=O)N(c3nc(C)c(C(=O)OCC(C)C)s3)[C@H]2c2cccc([N+](=O)[O-])c2)cc1,
1794,,,,,0,DECOY,COc1ccc(C2=NN(C(=O)CSc3nnc(CNC(=O)c4ccccc4F)n3C)[C@H](c3ccc(OC)cc3)C2)cc1,
1795,,,,,0,DECOY,CCOC(=O)c1c(NC(=O)C(=O)N/N=C/c2ccc(OC(=O)c3ccc(OCC)cc3)c(OCC)c2)sc2c1CCCC2,
1796,,,,,0,DECOY,CCOC(=O)[C@@H]1CC[C@]2(O)[C@H]3CC[C@@]4(O)C[C@@H](OC(C)=O)C[C@@H](O)[C@]4(COC(C)=O)[C@@H]3[C@H](OC(C)=O)C[C@]12C,
1797,,,,,0,DECOY,Cc1ccccc1OC[C@H](O)Cn1c(N/N=C2/C(=O)Nc3ccc(Br)cc32)nc2c1c(=O)[nH]c(=O)n2C,
1798,,,,,0,DECOY,Cc1[nH]/c(=N\C(=S)NC(=O)c2ccccc2Cl)sc1C(/C=C/c1ccc([N+](=O)[O-])cc1)=N/NC(N)=S,
1799,,,,,0,DECOY,CCOCCCN1C(=O)/C(=C\c2c(N3CCNC(=O)[C@H]3CC(=O)OCC)nc3ccccn3c2=O)SC1=S,
1800,,,,,0,DECOY,CCCOc1ccc(-c2nn(-c3ccccc3)cc2/C=N/NC(=O)C(=O)Nc2sc3c(c2C(=O)OCC)CC[C@@H](C)C3)cc1,
1801,,,,,0,DECOY,CCOC(=O)c1c(NC(=O)C(=O)N/N=C/c2ccc(OC(=O)c3ccc(Cl)cc3)c(OC)c2)sc2c1CC[C@H](C)C2,
1802,,,,,0,DECOY,Nc1nc2c(ncn2[C@@H]2O[C@H](COC(=O)c3ccccc3)[C@@H](OC(=O)c3ccccc3)[C@H]2OC(=O)c2ccccc2)c(=O)[nH]1,
1803,,,,,0,DECOY,O=C(COC(=O)c1ccc(S(=O)(=O)N2CCCc3ccccc32)cc1)NNC(=O)c1ccccc1,
1804,,,,,0,DECOY,CCC[C@@]1(c2ccccc2)NC(=O)N(CC(=O)Nc2cc(S(=O)(=O)N(C)C)ccc2Cl)C1=O,
1805,,,,,0,DECOY,CCC[C@]1(c2ccccc2)NC(=O)N(CC(=O)Nc2cc(S(=O)(=O)N(C)C)ccc2Cl)C1=O,
1806,,,,,0,DECOY,CCOC(=O)Cn1/c(=N/S(=O)(=O)c2ccc(C)cc2)sc2cc(S(N)(=O)=O)ccc21,
1807,,,,,0,DECOY,CCOC(=O)NC(=O)c1c(NC(=O)/C=C/c2ccccc2Cl)sc2c1CCN(C(=O)OC)C2,
1808,,,,,0,DECOY,CCOC(=O)NC(=O)c1c(NC(=O)CSc2ccccc2)sc2c1CCN(C(=O)OC)C2,
1809,,,,,0,DECOY,CCOC(=O)CN1C(=O)[C@@]2(C(C#N)=C(N)OC(C)=C2C(=O)OCc2ccccc2)c2ccccc21,
1810,,,,,0,DECOY,Cc1ccc(S(=O)(=O)N(CC(=O)Nc2ccc3c(c2)NC(=O)[C@H](C)O3)Cc2ccco2)cc1,
1811,,,,,0,DECOY,CCOC(=O)NC(=O)c1ccsc1NC(=O)[C@H]1CCCCN1S(=O)(=O)c1ccc(Cl)s1,
1812,,,,,0,DECOY,COCc1ccc(C(=O)Nc2ccc(-c3nc(CNC(=O)c4cc(C)nc(C)n4)c(C)o3)cc2)s1,
1813,,,,,0,DECOY,CC(C)Cn1c(N)c(C(=O)CSc2nnc(-c3cc4c(s3)CC[C@H](C)C4)o2)c(=O)n(C)c1=O,
1814,,,,,0,DECOY,COc1cc(C(=O)NC(=S)Nc2cccc(N3C(=O)c4ccccc4C3=O)c2)cc(OC)c1OC,
1815,,,,,0,DECOY,O=C(COC(=O)c1c2c(nc3ccccc13)/C(=C/c1ccco1)CC2)NC(=O)NCc1ccco1,
1816,,,,,0,DECOY,CCOC(=O)[C@@H]1C(=O)N=C(N2CCN(c3ccccc3)CC2)N[C@H]1c1ccc(O)c(OCC)c1,
1817,,,,,0,DECOY,CCOCCn1/c(=N/C(=O)c2ccccc2S(C)(=O)=O)sc2cc(S(N)(=O)=O)ccc21,
1818,,,,,0,DECOY,CN(CC(=O)Nc1ccc(OC(F)(F)F)cc1)C(=O)c1c[nH]nc1-c1ccc2c(c1)OCCO2,
1819,,,,,0,DECOY,CCN(CC)S(=O)(=O)c1ccc(NC(=O)CN2C(=O)N[C@@](C)(c3ccccc3Cl)C2=O)cc1,
1820,,,,,0,DECOY,Cc1cc(C)nc(N/C(=N/C(=S)Nc2ccc(F)c(Cl)c2)N2CCN(c3ncccn3)CC2)n1,
1821,,,,,0,DECOY,Cc1onc(-c2ccccc2Cl)c1C(=O)Nc1nnc(SCC(=O)Nc2nccs2)s1,
1822,,,,,0,DECOY,COc1ccc(C(=O)CSc2nnc(Cc3cc(=O)[nH]c(=O)[nH]3)n2-c2cc(C)ccc2C)cc1,
1823,,,,,0,DECOY,CCOc1ccc(O[C@H](C)C(=O)NNC(=O)c2nn(-c3ccc(Cl)cc3)c(C)cc2=O)cc1,
1824,,,,,0,DECOY,CCOC(=O)C1=C(CSc2nncn2-c2ccc(C)c(Cl)c2)NC(=O)N[C@@H]1c1ccco1,
1825,,,,,0,DECOY,NS(=O)(=O)c1ccc(OCCOC(=O)c2ccc3c(c2)S(=O)(=O)c2ccccc2C3=O)cc1,
1826,,,,,0,DECOY,COc1ccc(C(=O)N[C@]2(C(F)(F)F)NC(=O)N([C@@H]3CCC[C@@H](C)[C@@H]3C)C2=O)c(OC)c1OC,
1827,,,,,0,DECOY,COC(=O)c1c(NC(=O)CN2C(=O)N[C@@](C)(c3ccc(OC)cc3)C2=O)sc2c1CC[C@@H](C)C2,
1828,,,,,0,DECOY,COc1cccc(OCc2nnc(SCC(=O)N3CCN(c4cccc(Cl)c4)CC3)n2N)c1,
1829,,,,,0,DECOY,CCn1nc(C(=O)NNC(=O)CSc2nccn2-c2cccc(C)c2C)c2ccccc2c1=O,
1830,,,,,0,DECOY,CCN(CC)S(=O)(=O)c1cccc(-c2nnc(SCc3cn4cccc(C)c4n3)n2N)c1,
1831,,,,,0,DECOY,CCOC(=O)c1cs/c(=N\C(=S)NC(=O)c2ccc(S(=O)(=O)N3CCCC3)cc2)[nH]1,
1832,,,,,0,DECOY,CCOc1cccc(C(=O)C2=C(O)C(=O)N(c3nc(C)c(C(=O)OC)s3)[C@H]2c2ccc(O)cc2)c1,
1833,,,,,0,DECOY,CN1C(=O)N[C@H](c2ccc(C(C)(C)C)cc2)C2=C1CN(CC(=O)NCCN1CCOCC1)C2=O,
1834,,,,,0,DECOY,CCOC(=O)C1=C(CN2CCN(C(=O)NC(C)C)CC2)N(CC)C(=O)N[C@H]1c1ccsc1,
1835,,,,,0,DECOY,O=C1CC[C@@H](C(=O)N(C2CCCCC2)[C@@H](C(=O)NC2CCCCC2)c2ccc([N+](=O)[O-])cc2)N1,
1836,,,,,0,DECOY,O=C(Nc1ccc(F)cc1)N(CCCN1CCOCC1)Cc1cc2cc3c(cc2[nH]c1=O)OCO3,
1837,,,,,0,DECOY,CCOC(=O)Cn1c(=O)n(-c2ccc(Cl)cc2)c2nc(-c3ccc(Cl)cc3)nc(C(N)=O)c21,
1838,,,,,0,DECOY,[H]/N=C(\N/N=C/c1ccccc1[N+](=O)[O-])S[C@H]1CC(=O)N(c2ccc(Br)cc2)C1=O,
1839,,,,,0,DECOY,CCCc1nnc(N2C(=O)c3oc4cc(C)c(C)cc4c(=O)c3[C@@H]2c2ccc(OCC(N)=O)cc2)s1,
1840,,,,,0,DECOY,CCOc1ccc([C@@H]2c3c(-c4cc(C)c(C)cc4O)n[nH]c3C(=O)N2[C@H]2CCS(=O)(=O)C2)cc1OCC,
1841,,,,,0,DECOY,Cc1c(C(=O)NCCc2cccs2)oc2c1/C(=N/NC(=O)c1ccc([N+](=O)[O-])cc1)CCC2,
1842,,,,,0,DECOY,O=C(NC[C@H](c1ccco1)N1CCN(c2ccc(F)cc2)CC1)C(=O)Nc1ccc2c(c1)OCO2,
1843,,,,,0,DECOY,CC1CCN(c2ccc(NC(=S)NC(=O)c3cc([N+](=O)[O-])ccc3N3CCOCC3)cc2)CC1,
1844,,,,,0,DECOY,CCN(CC)CCn1/c(=N/C(=O)CN2C(=O)N[C@@](C)(c3ccc(C)cc3)C2=O)[nH]c2ccccc21,
1845,,,,,0,DECOY,CN(C)S(=O)(=O)c1cccc(C(=O)NNC(=O)c2cc(-c3ccccc3)nn2-c2ccccc2)c1,
1846,,,,,0,DECOY,COC(=O)c1ccc(Oc2c(C)oc3c(CN4CCN(CCO)CC4)c(O)ccc3c2=O)cc1,
1847,,,,,0,DECOY,COc1ccc(S(=O)(=O)[N-]c2c[nH+]c(N3CCC([NH+]4CCCCC4)CC3)c(C(=O)[O-])c2)cc1,
1848,,,,,0,DECOY,CCOC(=O)Cn1c(=O)n(-c2ccc(F)cc2)c2nc(-c3ccccc3Cl)nc(C(N)=O)c21,
1849,,,,,0,DECOY,Nn1c(SCc2nnnn2-c2ccc(OC(F)F)cc2)nnc1-c1ccccc1Br,
1850,,,,,0,DECOY,O=S(=O)(Nc1ncccn1)c1ccc(-c2ccc(/C=N\Nc3ncc(Cl)cc3Cl)o2)cc1,
1851,,,,,0,DECOY,Cc1c(NC(=S)N/N=C/C(Cl)=C\c2ccc([N+](=O)[O-])cc2)c(=O)n(-c2ccccc2)n1C,
1852,,,,,0,DECOY,CCOC(=O)N1CCc2c(sc3c2C(O)=N[C@H](c2cccc(OC(=O)/C=C\c4ccco4)c2)N3)C1,
1853,,,,,0,DECOY,Nc1nc(N)nc(CSc2[nH]c(-c3ccc(Br)cc3)c[nH+]2)n1,
1854,,,,,0,DECOY,Nc1nc(N)c2c([nH+]1)NC1=C(C(=O)CCC1)[C@@H]2c1ccc(Cl)cc1,
1855,,,,,0,DECOY,C=CCNc1sc2c3c(c(=O)[nH]c2c1C#N)[C@H](c1cc[nH+]cc1)C(C#N)=C(N)O3,
1856,,,,,0,DECOY,COc1ccc([C@@H]2CC(=O)C3=C(C2)Nc2[nH][nH]c(=O)c2[C@@H]3c2[nH]cc[nH+]2)cc1OC,
1857,,,,,0,DECOY,CN1C(=O)[C@]2(NC(N)=[NH+]/C(=N/c3ccccc3)N2)c2ccccc21,
1858,,,,,0,DECOY,CC[C@H](C)N1C(=O)[C@@H]2[C@@H](CC(N)=O)[NH2+][C@]3(C(=O)Nc4ccc(F)cc43)[C@@H]2C1=O,
1859,,,,,0,DECOY,CO[C@@H]1[C@H]2OC3(CCCCC3)O[C@@H]2O[C@@H]1[C@H]1C(C#N)=C(N)SC([NH3+])=C1C#N,
1860,,,,,0,DECOY,C[C@H]1C[C@H]2[C@@H]3CCC4=CC(=O)C=C[C@]4(C)[C@]3(F)[C@@H](O)C[C@]2(C)[C@@]1(O)C(=O)C[NH3+],
1861,,,,,0,DECOY,NC(=O)C[C@@H]1[NH2+][C@@]2(C(=O)Nc3ccccc32)[C@H]2C(=O)N(C[C@@H]3CCCO3)C(=O)[C@H]12,
1862,,,,,0,DECOY,O=C1N[C@H](Cc2c[nH+]c[nH]2)C(=O)N[C@H]1Cc1c[nH]c2ccccc12,
1863,,,,,0,DECOY,[NH3+][C@@H]1CCCC[C@@H]1N/C=C1\C(=O)NC(=S)N(C2CCCCC2)C1=O,
1864,,,,,0,DECOY,Nc1c(C(=O)NNC(=O)c2ccc([N+](=O)[O-])cc2)c[nH+]c2ccc(Cl)cc12,
1865,,,,,0,DECOY,NC(=O)[C@@H]1CC(C(=O)Nc2[nH+]cccc2O)=NN1c1ccc(F)cc1,
1866,,,,,0,DECOY,CCNC1=[NH+][C@H]2NC(=O)C3=C(OC(N)=C(C#N)[C@H]3c3ccc(C)cc3)[C@@H]2S1,
1867,,,,,0,DECOY,Cc1c(C(=O)N[NH3+])oc2c1/C(=N/NC(=O)c1ccccc1Cl)CCC2,
1868,,,,,0,DECOY,NS(=O)(=O)c1ccc(Nc2c(=[NH2+])oc(O)c3ccccc23)cc1,
1869,,,,,0,DECOY,C[NH+](C)CC1CCN(c2cc(N)cc(S(N)(=O)=O)c2)CC1,
1870,,,,,0,DECOY,CC[NH+]1CCC(N(C)c2ccc(S(N)(=O)=O)cc2N)CC1,
1871,,,,,0,DECOY,C[C@H]([NH3+])[C@@H](Sc1nc(N)cc(N)n1)c1cc(Br)cs1,
1872,,,,,0,DECOY,Cc1ccc(N2C(=O)NC(=O)/C(=C\N[C@H]3CCCC[C@@H]3[NH3+])C2=O)cc1C,
1873,,,,,0,DECOY,CC(C)(C)N1C(=O)[C@@H]2[C@H](CC(N)=O)[NH2+][C@]3(C(=O)Nc4ccc(Cl)cc43)[C@@H]2C1=O,
1874,,,,,0,DECOY,CCc1[nH+]c(-c2cc(Br)c3c(c2)OCCO3)c(N)n1N,
1875,,,,,0,DECOY,CC1(C)[NH+]=C(N)N=C(N)N1c1cc(Cl)c(Cl)cc1Cl,
1876,,,,,0,DECOY,Cc1[nH+]c(N)nc(N[C@@H]2CC[C@@H](O)C2)c1I,
1877,,,,,0,DECOY,CC[C@H](C)N1C(=O)/C(=C/N[C@@H]2CCCC[C@@H]2[NH3+])C(=O)NC1=S,
1878,,,,,0,DECOY,Cc1nn(-c2cccc(C(F)(F)F)c2)c(Cl)c1/C=N/[NH+]=C(N)N,
1879,,,,,0,DECOY,CNC1=[NH+][C@@H]2NC(=O)C3=C(OC(N)=C(C#N)[C@H]3c3cccc(F)c3)[C@@H]2S1,
1880,,,,,0,DECOY,Cc1cc(C)c(C[NH+]2CCN(c3cc(N)nc(N)n3)CC2)c(-n2cccn2)c1,
1881,,,,,0,DECOY,CC1(C)CNC(=O)c2[nH+]c(Cc3ccc(S(N)(=O)=O)cc3)[nH]c2C1,
1882,,,,,0,DECOY,[NH3+][C@H](CC[C@@H]1CCCCO1)c1cc2[nH]c(=O)[nH]c2cc1Br,
1883,,,,,0,DECOY,[NH3+][C@H](CC[C@H]1CCCCO1)c1cc2[nH]c(=O)[nH]c2cc1Br,
1884,,,,,0,DECOY,Nc1nc2c(c(C(=O)N3CC[C@H]4[NH2+]CCC[C@]4(CO)C3)n1)CCCC2,
1885,,,,,0,DECOY,CCC[NH+]1C[C@@H](NS(N)(=O)=O)C[C@@H]2Cc3c(O)cccc3C[C@H]21,
1886,,,,,0,DECOY,C[C@@H](Nc1nc(N)nc2c1CC[NH2+]C2)c1nc(-c2ccccn2)no1,
1887,,,,,0,DECOY,NC(=O)Cn1ccs/c1=N\S(=O)(=O)c1ccc([NH3+])cc1,
1888,,,,,0,DECOY,CC1(NS(=O)(=O)c2c(N[NH3+])nc3sccn23)CCCC1,
1889,,,,,0,DECOY,O=C(Nc1cc2[nH]c(=O)[nH]c2cc1Br)[C@@H]1COCC[NH2+]1,
1890,,,,,0,DECOY,CCc1nn(C)c(C[C@@H](O)c2c[nH+][nH]c2N)c1Br,
1891,,,,,0,DECOY,O=C(C[C@H]1CC[NH2+]C1)Nc1cc2[nH]c(=O)[nH]c2cc1Br,
1892,,,,,0,DECOY,Nc1c[nH+]c2ccc(Br)cc2c1NC[C@H](O)CO,
1893,,,,,0,DECOY,[NH3+]c1ccsc1CNc1cc2[nH]c(=O)[nH]c2cc1Br,
1894,,,,,0,DECOY,CN(CC1CC[NH+](C)CC1)c1ccc(S(N)(=O)=O)c(N)c1,
1895,,,,,0,DECOY,NS(=O)(=O)c1ccc(O[C@@H]2CCC[C@H]([NH3+])C2)c([N+](=O)[O-])c1,
1896,,,,,0,DECOY,Cc1[nH]c(S(=O)(=O)[N-]c2ccc(Cl)c(C#CC[NH3+])c2)c[nH+]1,
1897,,,,,0,DECOY,Nc1cc(N2CCC(Oc3ccc(Cl)cc3)CC2)[nH+]c(N)n1,
1898,,,,,0,DECOY,Nc1cc(N2CCC[C@@H](COc3ccc(F)cc3)C2)[nH+]c(N)n1,
1899,,,,,0,DECOY,C[NH+](C)C[C@H]1C[C@@H](O)CN1c1ccc(Cl)cc1/C(N)=N/O,
1900,,,,,0,DECOY,Cn1[nH+]cc([C@H](Cc2ccc(Br)cc2Cl)NN)c1N,
1901,,,,,0,DECOY,Cc1nn(C)c(C[C@H](N[NH3+])c2cc(Br)ccc2N)c1Cl,
1902,,,,,0,DECOY,Nc1ccc(Br)cc1[C@H](N[NH3+])[C@@H]1CCO[C@]2(CCOC2)C1,
1903,,,,,0,DECOY,C[C@H]1O[C@@H](Nc2ccc(Cl)cc2)[C@@H](O)[C@@H](O)[C@@H]1O,
1904,,,,,0,DECOY,Nc1cccc(C(=O)N/N=C/c2cccc(O)c2)c1,
1905,,,,,0,DECOY,O=C1N[C@@H](c2ccc(O)c(O)c2)Nc2ccccc21,
1906,,,,,0,DECOY,Oc1ccc([C@H]2Oc3cccc(O)c3[C@@H](O)[C@H]2O)cc1,
1907,,,,,0,DECOY,C[C@@]12CC3CC(C(=O)NNC(N)=O)(C1)C[C@](C)(C3)C2,
1908,,,,,0,DECOY,Cc1ccccc1[C@H](N)c1ccc2[nH]c(=O)c(=O)[nH]c2c1,
1909,,,,,0,DECOY,C[C@H](Nc1cc2c(cc1N)CCC(=O)N2)c1ccncc1,
1910,,,,,0,DECOY,Cc1ccc(N)cc1NS(=O)(=O)c1cc[nH]c1,
1911,,,,,0,DECOY,C[C@H]1CCN(C(=O)[C@H](N)CC(N)=O)[C@@H]2CCCC[C@H]12,
1912,,,,,0,DECOY,C[C@@H]1O[C@@H](Nc2cccc3ccccc23)[C@@H](O)[C@@H](O)[C@@H]1O,
1913,,,,,0,DECOY,Cc1cc(C)c(C(N)=S)c(N[C@H]2CCCNC2=O)n1,
1914,,,,,0,DECOY,CCn1cc(N)cc1C(=O)N[C@@H]1CCCC[C@H]1O,
1915,,,,,0,DECOY,Nc1csc(S(=O)(=O)N[C@H]2CCCC[C@H]2O)c1,
1916,,,,,0,DECOY,CS(=O)(=O)c1ccc(N[C@@H]2CCCC[C@H]2O)c(N)c1,
1917,,,,,0,DECOY,Nc1ccc(Cl)c(C(=O)N[C@@H]2CCCC[C@@H]2O)n1,
1918,,,,,0,DECOY,Nc1cc2c(cc1NC[C@@H]1CCOC1)CCC(=O)N2,
1919,,,,,0,DECOY,N/C(=N/O)c1ccc(N2CCC(CO)CC2)cc1Cl,
1920,,,,,0,DECOY,Cc1n[n-]c(Sc2cc(Cl)ccc2C(N)=[NH2+])n1,
1921,,,,,0,DECOY,NC(=O)NNC(=O)Cc1ccc(Cl)c(Cl)c1,
1922,,,,,0,DECOY,Cc1n[nH]c(N)c1C(=O)N[C@@H]1CC[C@@H](C)C[C@@H]1C,
1923,,,,,0,DECOY,Cc1ccnc(N)c1[C@@H](N)c1ccc2nccnc2c1,
1924,,,,,0,DECOY,Nc1cc(C(F)(F)F)ccc1Sc1nncn1N,
1925,,,,,0,DECOY,NC(=S)c1cnc(N[C@@H]2CCCC[C@H]2O)cn1,
1926,,,,,0,DECOY,C[C@@H](Nc1cc2c(cc1N)NC(=O)CC2)c1nccs1,
1927,,,,,0,DECOY,C[C@@H]1CCC[C@@](N)(C(=O)N2CCCC[C@@H]2C(N)=O)C1,
1928,,,,,0,DECOY,Cc1n[nH]cc1C(=O)Nc1cc(Cl)ccc1N,
1929,,,,,0,DECOY,[H]/N=C1/N/C(=N\c2cccc(Cl)c2)NC(C)(C)N1,
1930,,,,,0,DECOY,[NH3+][C@@H]1CCCC[C@H]1C(=O)N[C@H]1[C@@H](C(=O)[O-])[C@H]2CC[C@@H]1C2,
1931,,,,,0,DECOY,Nc1ccc2c(c1)nc(CO)n2C[C@@H]1CCCC[C@@H]1O,
1932,,,,,0,DECOY,N/N=C(/N)SCC(=O)N1CCC[C@@H]2CCCC[C@@H]21,
1933,,,,,0,DECOY,Nc1nnc(Cc2ccc(Br)cc2)n1N,
1934,,,,,0,DECOY,Nc1ncc(Br)c(N[C@H]2CCCC[C@H]2O)n1,
1935,,,,,0,DECOY,NNc1nccc(N[C@H]2CCCc3sccc32)n1,
1936,,,,,0,DECOY,N/C(CNC(=O)c1ccc(Cl)cc1Cl)=N\O,
1937,,,,,0,DECOY,C[C@H]1CC[C@H](C)N(c2ccc(S(N)(=O)=O)cc2N)C1,
1938,,,,,0,DECOY,CNC(=O)NC(=O)[C@H](C)Sc1cc(C)ccc1N,
1939,,,,,0,DECOY,Cc1cccc(-c2c([O-])nc([C@@H]([NH3+])C(C)(C)C)[nH]c2=O)c1,
1940,,,,,0,DECOY,Cc1cccc(-c2c([O-])nc(C[C@H](C)[NH3+])[nH]c2=O)c1,
1941,,,,,0,DECOY,Cc1ccc(-c2c([O-])nc([C@H](C)C[NH3+])[nH]c2=O)cc1,
1942,,,,,0,DECOY,CCc1c(C)nn([C@H]2CCC[C@](N)(C(N)=O)C2)c1C,
1943,,,,,0,DECOY,Cc1nc(S[C@@H]2CC[C@@](N)(C(N)=O)C2)nc(C)c1C,
1944,,,,,0,DECOY,C[NH2+][C@@H](c1cc(Cl)cnc1N)[C@@H]1CN(C)CCN1C,
1945,,,,,0,DECOY,Nc1ccc2[n-]c([C@@]3(C(F)(F)F)CC[NH2+]C3)nc2n1,
1946,,,,,0,DECOY,Nc1ccc2[nH]c([C@H]3NCCc4sccc43)nc2n1,
1947,,,,,0,DECOY,[NH3+][C@H]1[C@H]2CCO[C@@H]2[C@@H]1Nc1ccc(C(=O)[O-])c(F)c1F,
1948,,,,,0,DECOY,NC(=O)NNC(=O)c1cc(C(F)(F)F)ccc1F,
1949,,,,,0,DECOY,CC1(C)NC(N)=N/C(=N\c2ccc(Cl)cc2)N1,
1950,,,,,0,DECOY,CC1CCC(NC(=O)C2(/C(N)=N/O)CC(C)C2)CC1,
1951,,,,,0,DECOY,Cc1nn(C(C)C)c(N[C@H]2CCCC[C@H]2O)c1N,
1952,,,,,0,DECOY,CCc1nc(-c2ccc3nc(C)ccc3c2)c(N)n1N,
1953,,,,,0,DECOY,COc1cc(Cl)c(C(F)(F)F)cc1[N+](=O)[O-],
1954,,,,,0,DECOY,O=C(Cl)c1cccc([N+](=O)[O-])c1Br,
1955,,,,,0,DECOY,C=C(C)[C@@H]1Cc2c(C)nn(-c3cc(C)nc(C)n3)c2C1,
1956,,,,,0,DECOY,CC1(C)CC(=O)C=C(/C=C/c2ccc(N3N=N3)cc2)C1,
1957,,,,,0,DECOY,COC(=O)[C@H]1C(=O)OC(C)(C)[C@H]2CC[C@H](C)C[C@@H]12,
1958,,,,,0,DECOY,C/C(=C1\N=C(c2ccc(Cl)cc2)OC1=O)N(C)C,
1959,,,,,0,DECOY,Fc1ccc(-c2nc(-c3ccccn3)no2)cc1,
1960,,,,,0,DECOY,COC(=O)/C=C/c1c(C)nc(Cl)nc1Cl,
1961,,,,,0,DECOY,O=[N+]([O-])c1ccccc1CN1CCc2ccccc2C1,
1962,,,,,0,DECOY,O=C(c1ccco1)c1cc2c(cc1Cl)OCCO2,
1963,,,,,0,DECOY,CCOc1c(Cl)cnn(-c2ccc(C)cc2)c1=O,
1964,,,,,0,DECOY,N#CCc1ccc(Oc2ccc(Cl)nn2)cc1,
1965,,,,,0,DECOY,CCCCSc1nnc2nc(C)cc(C)n12,
1966,,,,,0,DECOY,Cc1ccc(-n2cnnc2S[C@@H](C)C#N)c(C)c1,
1967,,,,,0,DECOY,Cc1nnc(O[C@H]2CCCC[C@@H]2C)c(C#N)c1C,
1968,,,,,0,DECOY,C[C@H]1CCN(c2ccc([N+](=O)[O-])cc2CCl)C1,
1969,,,,,0,DECOY,CC[C@H]1CO[C@H](C)CN1c1nsnc1Cl,
1970,,,,,0,DECOY,FC(F)(F)c1nc(-c2cccnc2Cl)no1,
1971,,,,,0,DECOY,Cc1nn(C)c(N2CCC[C@@H]2C2CCCC2)c1C=O,
1972,,,,,0,DECOY,Cc1cccc(-n2nnnc2SC(C)C)c1C,
1973,,,,,0,DECOY,O=[N+]([O-])c1ccc(Cl)c(COC2CCC2)c1,
1974,,,,,0,DECOY,CC[C@@H]1CO[C@H](C)CN1c1cc(C)nc(Cl)n1,
1975,,,,,0,DECOY,O=[N+]([O-])c1c(F)cccc1OCC(F)(F)F,
1976,,,,,0,DECOY,Cl[C@@H](c1ccccc1)c1nc(-c2ccco2)no1,
1977,,,,,0,DECOY,O=c1n(Cc2ccc(Cl)s2)nc2ccccn12,
1978,,,,,0,DECOY,FC(F)(F)COc1nc(Cl)nc(Cl)n1,
1979,,,,,0,DECOY,Cc1ccsc1-c1nc(Cn2cccn2)c(C)o1,
1980,,,,,0,DECOY,CCCOc1cncc(N2CC[C@@H](Cl)C2)n1,
1981,,,,,0,DECOY,Cc1c(Cl)nnc(N(C)[C@H]2CCCN(C)C2)c1C,
1982,,,,,0,DECOY,O=C1OCCN1/N=C/c1ccc(Cl)cc1Cl,
1983,,,,,0,DECOY,CCCc1c(OC)nc2ccc(Cl)cn2c1=O,
1984,,,,,0,DECOY,Cc1cc(CN2C[C@@H](C)Oc3ccccc32)no1,
1985,,,,,0,DECOY,CC(C)(C)OC(=O)N1C(=O)[C@H]2CCCC/C=C\[C@H]21,
1986,,,,,0,DECOY,O=C1Cc2ccccc2N1Cc1ccc2c(c1)OCO2,
1987,,,,,0,DECOY,Cc1cc(Cn2c3c(sc2=O)CCCCC3)on1,
1988,,,,,0,DECOY,C#CCOC(=O)c1oc2c(c1C)C(=O)CC(C)(C)C2,
1989,,,,,0,DECOY,CCCc1c(Cl)ncnc1-n1cc(Cl)c(C)n1,
1990,,,,,0,DECOY,C[C@H]1C(=O)CC[C@@H]1Sc1ccc([N+](=O)[O-])cc1,
1991,,,,,0,DECOY,O=[N+]([O-])c1ccc(OCCS)cc1Cl,
1992,,,,,0,DECOY,C[C@H](Cl)c1ncc(-c2cccc3c2OCCO3)o1,
1993,,,,,0,DECOY,C[C@H]1C[C@@H]1CN(C)c1nc(Cl)nnc1Cl,
1994,,,,,0,DECOY,O=Cc1c(Cl)ncnc1N1CCc2ccccc21,
1995,,,,,0,DECOY,C[C@@H]1C[C@@H](C)CN(c2ncnc(Cl)c2C=O)C1,
1996,,,,,0,DECOY,c1cn2c(CN3CCC[C@@H]3C3CCCC3)cnc2cn1,
1997,,,,,0,DECOY,CCc1nn(C)c2c1nc([C@H](C)Cl)n2[C@H]1C[C@@H]1C,
1998,,,,,0,DECOY,O=[N+]([O-])c1cc(OC(F)F)c(Cl)cc1F,
1999,,,,,0,DECOY,O=[N+]([O-])c1cc(Br)cc(OC2CC2)c1,
2000,,,,,0,DECOY,O=[N+]([O-])c1ccc(OC2CC2)cc1Br,
2001,,,,,0,DECOY,CC(C)(C)c1coc([C@@H]2COCCN2C2CCC2)n1,
2002,,,,,0,DECOY,N#Cc1ccn2c(CC3CCCCC3)nnc2c1,
2003,,,,,0,DECOY,C[NH+]1CCN(/C(S)=N/c2cccc(Cl)c2)CC1,
2004,,,,,0,DECOY,N#CC[NH+]1CCN(c2cccc(Cl)c2)CC1,
2005,,,,,0,DECOY,CN1CC[NH+](C2CCCCCCC2)CCC1=O,
2006,,,,,0,DECOY,Clc1snnc1C[NH+]1CCC[C@H]2CCCC[C@H]21,
2007,,,,,0,DECOY,Cc1[nH+]ccn1[C@H]1C[C@H](C(C)(C)C)CC[C@@H]1C#N,
2008,,,,,0,DECOY,CN1CC[NH+]([C@@H]2C[C@@H](C(C)(C)C)CC[C@@H]2C#N)CC1,
2009,,,,,0,DECOY,Cn1cc[nH+]c1S[C@@H]1CCCCC[C@@H]1C#N,
2010,,,,,0,DECOY,Cc1nn(C)c(Cl)c1C[NH+]1C[C@H](C)C[C@@H](C)C1,
2011,,,,,0,DECOY,Cc1nn(C)c(Cl)c1C[NH+]1C[C@@H](C)C[C@@H](C)C1,
2012,,,,,0,DECOY,Cc1ccc(/C=[NH+]/c2ccc(N(C)C)cc2)o1,
2013,,,,,0,DECOY,CC[C@@H]1CC[C@@H](C#N)[C@H]([NH+]2CCOCC2(C)C)C1,
2014,,,,,0,DECOY,CC[C@H]1CC[C@@H](C#N)[C@H]([NH+]2CCO[C@H]3CCC[C@@H]32)C1,
2015,,,,,0,DECOY,N#C[C@@H]1CCC[C@H]1n1cc[nH+]c1-c1cccs1,
2016,,,,,0,DECOY,C[C@H]1CC[C@H](C#N)[C@H](n2cc[nH+]c2-c2cccs2)C1,
2017,,,,,0,DECOY,C[C@H]1CC[C@@H](C#N)[C@H]([NH+]2C[C@H](C)OC(C)(C)C2)C1,
2018,,,,,0,DECOY,CC(C)(C)[NH+]1CCN([C@H]2CCCCC[C@@H]2C#N)CC1,
2019,,,,,0,DECOY,N#C[C@@H]1CCCCC[C@H]1N1CC[NH+](C2CCCC2)CC1,
2020,,,,,0,DECOY,Cc1cccc(N2CC[NH+]([C@H]3CCC[C@H]3C#N)CC2)c1C,
2021,,,,,0,DECOY,O=Cc1cc(F)ccc1N1CCC[NH+]2CCC[C@@H]2C1,
2022,,,,,0,DECOY,N#C[C@H]1CCCCC[C@H]1N1CC[C@H]([NH+]2CCCC2)C1,
2023,,,,,0,DECOY,C[NH+]1CCc2onc(-c3ccc(Cl)cc3)c2C1,
2024,,,,,0,DECOY,N#Cc1c(F)cccc1N1CC[C@H]([NH+]2CCCC2)C1,
2025,,,,,0,DECOY,Cc1cc([C@@H]2CCCC[NH+]2C)cnc1N(C)C,
2026,,,,,0,DECOY,C#CC[NH+]1CCC(c2nc3cc(Cl)ccc3o2)CC1,
2027,,,,,0,DECOY,C[C@H]1C[NH+](C[C@@H]2CC(C)(C)CCC2=O)CC(C)(C)O1,
2028,,,,,0,DECOY,Fc1ccc(/[NH+]=C\c2ccc3c(c2)OCO3)cc1,
2029,,,,,0,DECOY,C[C@H]1CC[C@@H](C)[NH+](Cc2nnsc2Cl)C1,
2030,,,,,0,DECOY,C[C@H]1C[C@@H](C)CC(=O)[C@H]1CN1CC[NH+](C)C(C)(C)C1,
2031,,,,,0,DECOY,ClCc1nc2c[nH+]ccc2n1C1CCCC1,
2032,,,,,0,DECOY,Br[C@H]1CCN(c2nc[nH+]c3c2CCCC3)C1,
2033,,,,,0,DECOY,Cc1[nH+]cn(-c2nc(Cl)c(CCl)s2)c1C,
2034,,,,,0,DECOY,C[NH+]1CCN([C@]2(C#N)CCCC[C@H]2C(C)(C)C)CC1,
2035,,,,,0,DECOY,CC[C@@H]1CCC[C@@](C#N)(N2CC[NH+](C)CC2)C1,
2036,,,,,0,DECOY,Cc1cc[nH+]c(N2C[C@H](CCl)OC[C@@H]2C)c1,
2037,,,,,0,DECOY,Cc1ccc(N2C[C@H](CCl)OC[C@@H]2C)[nH+]c1,
2038,,,,,0,DECOY,C[C@H]1CO[C@@H](CCl)CN1c1ccc(Cl)c[nH+]1,
2039,,,,,0,DECOY,CN(c1ccc(Cl)c[nH+]1)C1CCOCC1,
2040,,,,,0,DECOY,Cc1ccoc1C[NH+]1CCO[C@H]2CCCC[C@@H]21,
2041,,,,,0,DECOY,C[C@H]1[C@@H](C)C(=O)CCN1c1cccc2c[nH+]ccc12,
2042,,,,,0,DECOY,Cn1nccc1C[NH+]1CCC2(CCCC2)CC1,
2043,,,,,0,DECOY,O=C1CC[C@@H]([NH+]2CCN(c3cccc(Cl)c3)CC2)C1,
2044,,,,,0,DECOY,Cc1cc(C)c(C(=O)[C@H]2C[NH+](C)CCN2C)cc1C,
2045,,,,,0,DECOY,C1CCC2(CC1)C[NH+](C1CCC3(CC1)OCCO3)C2,
2046,,,,,0,DECOY,C[NH+](C)[C@H]1CCN(c2ncc(Cl)cc2F)C1,
2047,,,,,0,DECOY,N#C[C@@H]1CCCCC[C@H]1N1CC[NH+]2CCCC[C@@H]2C1,
2048,,,,,0,DECOY,C[C@H]1CC[C@H](C#N)[C@H](N2CC[NH+]3CCCC[C@@H]3C2)C1,
2049,,,,,0,DECOY,C[C@H]1C[C@@H](C)CC(=O)[C@H]1CN1CC[NH+]2CCCC[C@@H]2C1,
2050,,,,,0,DECOY,C[C@H]1C[NH+]2CCC[C@@H]2CN1c1ccc(N2CCCC2)cc1,
2051,,,,,0,DECOY,O=C(c1cc(Cl)ccc1Cl)[C@H]1C[NH+]2CCN1CC2,
2052,,,,,0,DECOY,CC[C@H]1CN(c2[nH+]cc(C)cc2Br)CCO1,
2053,,,,,0,DECOY,Cc1ccc(CC(=O)Nc2cc([N+](=O)[O-])ccc2C)cc1,
2054,,,,,0,DECOY,O=C(/C=C/c1ccc(F)cc1)Nc1ccccc1[N+](=O)[O-],
2055,,,,,0,DECOY,COC(=O)C1=C(C)N(C)C(=O)N[C@@H]1c1c(F)cccc1Cl,
2056,,,,,0,DECOY,O=[N+]([O-])c1ccc(C2=C[C@@H](C(Cl)(Cl)Cl)NO2)cc1,
2057,,,,,0,DECOY,O=C(Nc1ccc(Cl)cc1[N+](=O)[O-])c1ccccc1F,
2058,,,,,0,DECOY,O=[N+]([O-])c1ccc2sc(/C=C/c3cccc(O)c3)nc2c1,
2059,,,,,0,DECOY,O=C(/C=C/c1c[nH]c2ccccc12)c1ccccc1[N+](=O)[O-],
2060,,,,,0,DECOY,Cc1cccc(N[C@H](C)c2cccc(-n3cnnn3)c2)c1C,
2061,,,,,0,DECOY,C[C@@H]1C[C@@H](Nc2ccccc2-n2cnnn2)CC(C)(C)C1,
2062,,,,,0,DECOY,Cc1nnnn1-c1cccc(NC2[C@@H](C)CCC[C@H]2C)c1,
2063,,,,,0,DECOY,O=[N+]([O-])c1ccc(NC2CCOCC2)c(Br)c1,
2064,,,,,0,DECOY,O=[N+]([O-])c1ccc(Cl)c(NCc2ccc(Cl)o2)c1,
2065,,,,,0,DECOY,O=[N+]([O-])c1c(F)cccc1Oc1cccc2c1NCCC2,
2066,,,,,0,DECOY,Cc1ccc([N+](=O)[O-])c(Oc2cccc(F)c2[C@H](C)O)c1,
2067,,,,,0,DECOY,Cc1cccc(Oc2cccc(F)c2[C@@H](C)O)c1[N+](=O)[O-],
2068,,,,,0,DECOY,C[C@@H](O)c1ccc(N(C)[C@H]2CCCC[C@H]2C)c([N+](=O)[O-])c1,
2069,,,,,0,DECOY,O=C(N[C@@H]1C[C@H]2C[C@@H]1[C@H]1CCC[C@@H]12)c1ccc([N+](=O)[O-])cc1,
2070,,,,,0,DECOY,O=C(N[C@H]1C[C@H]2C[C@@H]1[C@H]1CCC[C@@H]12)c1ccc([N+](=O)[O-])cc1,
2071,,,,,0,DECOY,CONC(=O)c1nn(-c2ccc(Cl)cc2)c2c1CCCCC2,
2072,,,,,0,DECOY,O=[N+]([O-])c1ccc(N[C@@H]2CCc3c(Cl)cccc32)nc1,
2073,,,,,0,DECOY,Cc1cc(C)c(Oc2ccccc2[C@H](C)O)c([N+](=O)[O-])c1,
2074,,,,,0,DECOY,C[C@@H](O)c1ccc(Oc2cc(Cl)ccc2[N+](=O)[O-])cc1,
2075,,,,,0,DECOY,Cc1ccc([N+](=O)[O-])cc1NC(=O)c1cccc(F)c1F,
2076,,,,,0,DECOY,FC(F)(F)Oc1ccc(-c2noc(-c3ccc[nH]3)n2)cc1,
2077,,,,,0,DECOY,CC/C=C(/C)C(=O)NC1(c2noc(C)n2)CCCCCC1,
2078,,,,,0,DECOY,Cc1ccc(C)c(S(=O)(=O)Nc2ccc3c(c2)OCO3)c1,
2079,,,,,0,DECOY,Cc1cc2c(cc1/C=C(/C#N)C(=O)NC1CCCCC1)OCO2,
2080,,,,,0,DECOY,O=C1COc2ccc(C(=O)OC3CCCCCC3)cc2N1,
2081,,,,,0,DECOY,O=[N+]([O-])c1cc(N[C@@H]2CCN(C3CC3)C2)ccc1Cl,
2082,,,,,0,DECOY,C[C@H]1CC[C@@H](NC(=O)c2cc([N+](=O)[O-])ccc2F)[C@H](C)C1,
2083,,,,,0,DECOY,O=[N+]([O-])c1ccc(N[C@H]2COc3ccccc32)c(Cl)c1,
2084,,,,,0,DECOY,CC[C@]1(C)C[C@@H](Nc2cccc(-c3nnco3)c2)CCO1,
2085,,,,,0,DECOY,Fc1ccccc1-c1nnc2ccc(NCC3CCC3)nn12,
2086,,,,,0,DECOY,COC(=O)C1CCN(C(=O)N[C@H]2CCCC[C@H]2C)CC1,
2087,,,,,0,DECOY,Cc1ccc(C(=O)Nc2cc([N+](=O)[O-])c(F)cc2F)c(C)c1,
2088,,,,,0,DECOY,CCOC(=O)C1CCN(C(=O)N[C@@H]2CCC[C@H](C)C2)CC1,
2089,,,,,0,DECOY,CCOC(=O)[C@@H]1CCCN(C(=O)N[C@@H]2CCC[C@H](C)C2)C1,
2090,,,,,0,DECOY,Cc1cc(C)n(-c2cncc(NC3CCCCCCC3)n2)n1,
2091,,,,,0,DECOY,O=[N+]([O-])c1ccc(N[C@@H]2CCCOCC2)c(Br)c1,
2092,,,,,0,DECOY,O=[N+]([O-])c1cc(Br)ccc1O[C@@H]1CCCC[C@H]1O,
2093,,,,,0,DECOY,CCNc1nc(-c2cccs2)nc(N2CCCCC2)n1,
2094,,,,,0,DECOY,Cc1cc(Br)cc([N+](=O)[O-])c1O[C@@H]1CCC[C@@H]1O,
2095,,,,,0,DECOY,CC1(C)C[C@@H](Nc2cccc(-c3nnco3)c2)C(C)(C)O1,
2096,,,,,0,DECOY,Cc1cc(CNc2ccc(C#N)c([N+](=O)[O-])c2)sc1C,
2097,,,,,0,DECOY,CSc1ccc(Nc2ccc(C#N)c([N+](=O)[O-])c2)cc1,
2098,,,,,0,DECOY,CN1CC[C@H](Nc2cc(Cl)c(Cl)cc2[N+](=O)[O-])C1,
2099,,,,,0,DECOY,O=[N+]([O-])c1cc(Cl)c(Cl)cc1N1CCCC[C@@H]1CO,
2100,,,,,0,DECOY,O=[N+]([O-])c1cc(Cl)c(Cl)cc1N1CCC(CO)CC1,
2101,,,,,0,DECOY,Cc1cc([N+](=O)[O-])ccc1NC(=O)/C=C\c1ccccc1,
2102,,,,,0,DECOY,Cc1cccc(C(=O)N[C@@H]2CCc3c(F)cccc32)c1[N+](=O)[O-],
2103,,,,,0,DECOY,O=C(Nc1c2c(nn1-c1ccc(F)cc1)CSC2)c1cc2ccccc2oc1=O,
2104,,,,,0,DECOY,Cc1ccc(Nc2nc([C@@]3(C)C[C@]4(CC(C)(C)OC4=O)C(=O)O3)cs2)cc1,
2105,,,,,0,DECOY,[H]/N=C1C(=C\c2ccc(-c3cccc(Cl)c3)o2)\C(=O)N=C2SN=C(SC)N2\1,
2106,,,,,0,DECOY,C[C@@]1(c2ccc3c(c2)OCCCO3)NC(=O)N(Cc2ccc(Cl)cc2)C1=O,
2107,,,,,0,DECOY,C[C@@]1(c2ccc3c(c2)OCO3)NC(=O)N(Cc2ccc(Br)cc2)C1=O,
2108,,,,,0,DECOY,Cc1ccc(/C(O)=C2\C(=O)C(=O)N(c3nnc(C)s3)[C@@H]2c2ccc(F)cc2)cc1,
2109,,,,,0,DECOY,O=C1CCc2cc(S(=O)(=O)N3CCN(c4ccccc4Cl)CC3)ccc2N1,
2110,,,,,0,DECOY,Cc1cc(N2C(=O)C(=O)/C(=C(\O)c3ccc(F)cc3)[C@H]2c2ccccc2F)no1,
2111,,,,,0,DECOY,CS(=O)(=O)c1ccc2nc(NC(=O)c3cc4cc(Cl)ccc4o3)sc2c1,
2112,,,,,0,DECOY,O=C1N[C@]2(CCCc3ccccc32)C(=O)N1Cc1coc(-c2cccs2)n1,
2113,,,,,0,DECOY,C[C@@]1(c2ccc3c(c2)OCO3)NC(=O)N(Cc2ccc(F)cc2Cl)C1=O,
2114,,,,,0,DECOY,Cn1c(=O)c2c(-c3ccccc3Cl)n(-c3ccccc3O)cc2n(C)c1=O,
2115,,,,,0,DECOY,O=c1[nH]c2ccccc2n1C1CCN(S(=O)(=O)c2ccc(F)cc2Cl)CC1,
2116,,,,,0,DECOY,O=C1/C(=C/c2ccccc2O)N(Cc2ccncc2)S(=O)(=O)c2ccccc21,
2117,,,,,0,DECOY,O=C1NC(=O)N(C2CCCCC2)C(=O)/C1=C/c1cc2c3c(c1)CCCN3CCC2,
2118,,,,,0,DECOY,O=C(c1cccc2c1N[C@H](c1ccccc1[N+](=O)[O-])[C@@H]1CC=C[C@@H]21)N1CCCCC1,
2119,,,,,0,DECOY,Cc1nc2sc3ccccc3n2c(=O)c1S(=O)(=O)Nc1ccc(F)cc1,
2120,,,,,0,DECOY,CC1=NN(c2ccccc2)C(=O)/C1=C/c1c(C)nn(-c2cccc(Cl)c2)c1O,
2121,,,,,0,DECOY,CCc1c2c(nc3ccccc13)-c1cc3c(c(=O)n1C2)COC(=O)[C@@]3(O)CC,
2122,,,,,0,DECOY,CCCn1c(=O)[nH]c2sc3c(c2c1=O)CCN(C(=O)[C@@H]1CCC[C@@H](C)C1)C3,
2123,,,,,0,DECOY,Cc1ccc2c(CN3C(=O)N[C@@](C)(c4ccc5c(c4)CCC5)C3=O)cc(=O)oc2c1,
2124,,,,,0,DECOY,O=C(/C=C/c1ccc2c(c1)OCCCO2)N1CCN(c2ccc(O)cc2)CC1,
2125,,,,,0,DECOY,O=c1[nH]c2c(c(=O)n1C1CCCCC1)CC[C@H]2Oc1cccc2cccnc12,
2126,,,,,0,DECOY,O=[N+]([O-])c1cccc(-c2n[nH]c(=S)n2-c2ccc(Br)cc2)c1,
2127,,,,,0,DECOY,CCOc1cc([C@H]2c3c(oc4cc(C)c(C)cc4c3=O)C(=O)N2C)ccc1O,
2128,,,,,0,DECOY,Cc1ccc(-n2c(C)nc3nc(N4c5ccccc5C[C@H]4C)[nH]c(=O)c3c2=S)cc1,
2129,,,,,0,DECOY,O=C(CN1CCN(C(=O)Nc2ccc(F)cc2Cl)CC1)N1CCCCCC1,
2130,,,,,0,DECOY,O=C(CN1CCN(C(=O)Nc2ccc(F)c(Cl)c2)CC1)N1CCCCCC1,
2131,,,,,0,DECOY,COC(=O)[C@@H]1[C@H]2C(=O)N(c3ccccc3Cl)C(=O)[C@H]2[C@@H]2c3ccccc3C=C[NH+]12,
2132,,,,,0,DECOY,Cc1nn(-c2ccc(F)cc2)c2[nH]cc(C(=O)N3CCCc4ccccc43)c(=O)c12,
2133,,,,,0,DECOY,Cc1cccc(-n2nc(C)c3c2NC(=O)C[C@@H]3C(=O)c2cc3ccccc3o2)c1,
2134,,,,,0,DECOY,Fc1ccccc1[C@H]1Oc2ccccc2C2=Nc3[nH+]cnn3[C@H](c3cccnc3)[C@H]21,
2135,,,,,0,DECOY,Cc1ccc(C)c(CN2C(=O)N[C@@](C)(c3ccc4c(c3)OCCCO4)C2=O)c1,
2136,,,,,0,DECOY,[H]/N=C1C(=C\c2ccc(C(C)C)cc2)/C(=O)N=C2SC(N3CCC(C)CC3)=NN2/1,
2137,,,,,0,DECOY,Cn1c(=O)n(C)c2cc(S(=O)(=O)Nc3cc(Cl)cc(Cl)c3)ccc21,
2138,,,,,0,DECOY,CCN1C(=O)NC(=O)/C(=C\c2ccc(-c3cc(Cl)ccc3Cl)o2)C1=O,
2139,,,,,0,DECOY,O=C1C[C@H](c2cnn(-c3ccccc3Cl)c2)c2c(nc3ccccn23)CN1,
2140,,,,,0,DECOY,O=C(CN1CC(=O)Oc2ccc(Cl)cc21)Nc1nc2c(s1)CCCC2,
2141,,,,,0,DECOY,C[C@@H]1CC(C)(C)C[C@]2(C1)NC(=O)N(CN1CCN(C3CCCC3)CC1)C2=O,
2142,,,,,0,DECOY,O=C(c1[nH+]cccc1[O-])N1CCC[C@@H](N2CCN(c3cccc(Cl)c3)CC2)C1,
2143,,,,,0,DECOY,O=C(c1ncccc1O)N1CCC[C@@H](N2CCN(c3cccc(Cl)c3)CC2)C1,
2144,,,,,0,DECOY,Cc1cc2c(cc1CN1CCc3[nH]cnc3[C@@H]1c1ccc(Cl)nc1)OCO2,
2145,,,,,0,DECOY,Cc1sc2nc(-c3cccs3)nc(N3CCN4C(=O)NC[C@H]4C3)c2c1C,
2146,,,,,0,DECOY,O=C1CCCc2oc3ccc([N-]S(=O)(=O)c4cccc5ccc[nH+]c45)cc3c21,
2147,,,,,0,DECOY,CC1CCC(N2CCN(C(=O)NC[C@@H]3CN4CCCC[C@@H]4CO3)CC2)CC1,
2148,,,,,0,DECOY,CCC(=O)N1CCc2[nH]cnc2C12CCN(C(=O)c1ccc(CC)s1)CC2,
2149,,,,,0,DECOY,O=C(/C=C\c1ccc2c(c1)OCCCO2)N1CCN(c2ccc(O)cc2)CC1,
2150,,,,,0,DECOY,Cc1ccc(Cn2ncc3c2N=C(O)C[C@@]32C(=O)N(C)c3cccc(Cl)c32)cc1,
2151,,,,,0,DECOY,C[C@]1(c2ccccc2Br)NC(=O)N(Cc2cn3ccccc3n2)C1=O,
2152,,,,,0,DECOY,Cc1noc(C)c1[C@H]1SCC(O)=Nc2c1cnn2Cc1ccc(Cl)cc1,
2153,,,,,0,DECOY,Cc1ccc(/C=N/NC(=O)CCc2ccc(O)c(O)c2)o1,
2154,,,,,0,DECOY,O=c1[nH]c2ccc(S(=O)(=O)Nc3ccc(F)cc3)cc2[nH]1,
2155,,,,,0,DECOY,Cc1ccc([C@H](C)Nc2cccc3c(O)n[nH]c(=O)c23)o1,
2156,,,,,0,DECOY,Cc1ccc(N)cc1S(=O)(=O)Nc1ccc2c(c1)OCO2,
2157,,,,,0,DECOY,Cc1ccc(S(=O)(=O)Nc2ccnn2C(C)C)cc1N,
2158,,,,,0,DECOY,Cn1c(Nc2ccc(N)cc2)nnc(C(C)(C)C)c1=O,
2159,,,,,0,DECOY,COc1ccccc1Oc1cc2c(cc1N)OCC(=O)N2,
2160,,,,,0,DECOY,C[C@H](NCc1ccc(O)cc1O)c1nnc2ccccn12,
2161,,,,,0,DECOY,Nc1nc(SCc2cc(-c3cccs3)on2)n[nH]1,
2162,,,,,0,DECOY,CCOc1nc(Sc2nc(C)cc(=O)[nH]2)ccc1N,
2163,,,,,0,DECOY,CCCn1c(N)c(N[C@@H]2CCC[C@H](C)C2)c(=O)n(C)c1=O,
2164,,,,,0,DECOY,CCSc1nc2c(c(=O)[nH]1)[C@@H](C(C)C)C(C#N)=C(N)O2,
2165,,,,,0,DECOY,C=C(NNc1ncc(C)cc1Cl)c1c(O)cc(C)oc1=O,
2166,,,,,0,DECOY,Cc1nnc(OC2CCCCCC2)c(/C(N)=N/O)c1C,
2167,,,,,0,DECOY,O=C(NCc1cccc[nH+]1)Nc1cc(F)ccc1C(=O)[O-],
2168,,,,,0,DECOY,CCCc1cc2c(c(=O)[nH]1)[C@H](c1ccco1)C(C#N)=C(N)O2,
2169,,,,,0,DECOY,C[C@@H]1CCCCN1c1ncnc(Nc2nccs2)c1N,
2170,,,,,0,DECOY,Cc1ccc2oc(C(=O)N(C)C[C@H](C)/C(N)=N/O)cc2c1,
2171,,,,,0,DECOY,CC(C)[C@@H](C(=O)N1CCO[C@@H]2CCCC[C@@H]21)/C(N)=N/O,
2172,,,,,0,DECOY,CC(C)Nc1nc(-c2cccs2)c2c(N)n(C)nc2n1,
2173,,,,,0,DECOY,Cc1cc(C)n(C[C@H](C)CNc2cc(Cl)nc(N)n2)n1,
2174,,,,,0,DECOY,CC1=C(C(=O)OC(C)C)[C@H](c2ccc(O)cc2)NC(=O)N1,
2175,,,,,0,DECOY,C[C@H]1CCC[C@@H](NS(=O)(=O)c2c(N)nc3ccccn23)C1,
2176,,,,,0,DECOY,C[C@@H]1CCC[C@H](NC(=O)c2cc(N)ccc2[N+](=O)[O-])[C@@H]1C,
2177,,,,,0,DECOY,Nc1nc(/C=C/c2ccncc2)nc(-c2ccccc2O)n1,
2178,,,,,0,DECOY,CCOc1cccc([N-]S(=O)(=O)c2ccc(N)[nH+]c2)c1,
2179,,,,,0,DECOY,O=C(N/N=C/c1ccccc1C(F)(F)F)c1c[nH]nc1O,
2180,,,,,0,DECOY,NC(=S)N/N=C\C(Cl)=C\c1ccc([N+](=O)[O-])cc1,
2181,,,,,0,DECOY,Cc1cnc(CNc2ccc(N)c(OC(C)(C)C)n2)cn1,
2182,,,,,0,DECOY,O=C(Nc1c[nH+]cc(C(=O)[O-])c1)Nc1ccc(F)c(Cl)c1,
2183,,,,,0,DECOY,Nc1ccc(NC(=O)/C=C/c2ccccc2[N+](=O)[O-])cc1,
2184,,,,,0,DECOY,C[C@@H]1CCC[C@@H](SCc2nc(NN)c3cnn(C)c3n2)C1,
2185,,,,,0,DECOY,Cc1ccc(O[C@H](C)c2nc(N)[nH+]c(C)c2C(=O)[O-])cc1,
2186,,,,,0,DECOY,C[C@@H]1CCC[C@H]1NC(=O)c1cc(N)c(F)cc1[N+](=O)[O-],
2187,,,,,0,DECOY,Cc1ccc(NS(=O)(=O)c2ccc3[nH]c(=O)[nH]c3c2)cc1,
2188,,,,,0,DECOY,C[NH2+]C[C@@H]1CCCN(C(=O)N[C@@H]2CCCC[C@@H]2C(=O)[O-])C1,
2189,,,,,0,DECOY,CCCn1c(N)c(N[C@@H]2CC[C@@H](C)[C@@H]2C)c(=O)n(C)c1=O,
2190,,,,,0,DECOY,N#Cc1ccc(Cl)cc1[N-]S(=O)(=O)c1ccc(N)[nH+]c1,
2191,,,,,0,DECOY,CSc1nc(NN)cc(-n2cc(Cl)c(C)n2)n1,
2192,,,,,0,DECOY,CSc1nc(NN)cc(OC[C@H]2CCCCO2)n1,
2193,,,,,0,DECOY,Cc1noc(NS(=O)(=O)c2c(N)cccc2Cl)c1C,
2194,,,,,0,DECOY,Cc1cccc(C(=O)NCCc2[nH]c(=O)c(C)c([O-])[nH+]2)c1C,
2195,,,,,0,DECOY,CCCc1nn(C)c(N[C@@H](C)c2c(C)noc2C)c1N,
2196,,,,,0,DECOY,NNc1cccc(CSc2ccccc2[N+](=O)[O-])n1,
2197,,,,,0,DECOY,CCCc1nn(C)c2c1nc(N)n2[C@@H]1CCCC[C@@H]1O,
2198,,,,,0,DECOY,Cc1cc(NS(=O)(=O)c2cc(N)c(C)cc2Cl)on1,
2199,,,,,0,DECOY,Cc1cc(Oc2c(C)nn(C)c2C)cc(C(=O)[O-])c1[NH3+],
2200,,,,,0,DECOY,Nc1cc(COc2ccccc2CO)ccc1[N+](=O)[O-],
2201,,,,,0,DECOY,Cc1cc(=O)[nH]c(N/N=C\c2c(O)ccc3ccccc23)n1,
2202,,,,,0,DECOY,CCCCCN1C(=O)/C(=N/NC(N)=O)c2ccccc21,
